corr,rcorr,slope,intercept
-0.0026782442123946554,-0.040220298443322346,-0.0002257804488510224,0.05610999308725945
-0.06318757643091344,-0.06860577548331646,-0.0057179262442801845,0.05610999308725945
-0.2851480375680559,-0.30465759311510815,-0.021819903023320476,0.05610999308725945
-0.4383484741860729,-0.4082476208785927,-0.03128658501477781,0.05610999308725945
-0.2556465563203766,-0.24962821810450603,-0.020842421174736017,0.05610999308725945
-0.17008406596158296,-0.21060101441326312,-0.014314177744857279,0.05610999308725945
-0.33655876849805605,-0.3433455281564707,-0.023899578506380154,0.05610999308725945
-0.16299129108332075,-0.1921334909047729,-0.014492866318224844,0.05610999308725945
-0.32376653933387267,-0.34242950280179363,-0.024071333091476865,0.05610999308725945
-0.15896097013268853,-0.15387529615325896,-0.01211230927562796,0.05610999308725945
-0.2738456200870922,-0.3299557254411906,-0.022638256169195313,0.05610999308725945
-0.2882232179571152,-0.3268570717722829,-0.019290912183899653,0.05610999308725945
-0.3338992955170109,-0.29231952321445737,-0.024736310934447017,0.05610999308725945
-0.36740558446994065,-0.321112122634308,-0.0230143772397275,0.05610999308725945
-0.16274211435216246,-0.1650485436893204,-0.013666600325383185,0.05610999308725945
-0.26042584427136856,-0.2906797247400354,-0.0184448786594674,0.05610999308725945
-0.3151481269701456,-0.2697807759074023,-0.024911431870630496,0.05610999308725945
-0.30969943714809384,-0.2989352618871253,-0.02118205702833297,0.05610999308725945
-0.30974191582384275,-0.28988809789031444,-0.026258453686699244,0.05610999308725945
-0.22464618226469943,-0.2716580624367405,-0.019526026144151973,0.05610999308725945
-0.31221727648899456,-0.3230346449836303,-0.025473978883764646,0.05610999308725945
-0.15152201666124257,-0.06468156809969974,-0.011640261078191461,0.05610999308725945
-0.2496654557802384,-0.24663134503056247,-0.01773326619894879,0.05610999308725945
-0.28540135387272425,-0.2669987729783829,-0.01985546654897899,0.05610999308725945
-0.35673439495689746,-0.37392494246569147,-0.027973590575908515,0.05610999308725945
-0.3123000528625658,-0.28129329209334414,-0.02450084165194821,0.05610999308725945
-0.3427738414900307,-0.32476491509802036,-0.025931241030453158,0.05610999308725945
-0.3334847503079692,-0.3151183764864207,-0.023696121949860465,0.05610999308725945
-0.3144795041756216,-0.2767923280049307,-0.022958931046746622,0.05610999308725945
-0.15885377280128016,-0.15231466036380908,-0.012809527481356966,0.05610999308725945
-0.2720098626454489,-0.31238160937738546,-0.023287985621918347,0.05610999308725945
-0.29178126383606284,-0.28081831598351154,-0.019333848714147256,0.05610999308725945
-0.15716326751854967,-0.20138421609151205,-0.010822458444672046,0.05610999308725945
-0.30003282861639485,-0.25939915522106183,-0.025054382137265293,0.05610999308725945
-0.247655772924823,-0.28055821001860326,-0.0239901302934601,0.05610999308725945
-0.30577659346131547,-0.3195741047548501,-0.021802812893519492,0.05610999308725945
-0.24221470396341743,-0.28037726673866703,-0.02204531487711918,0.05610999308725945
-0.25468868438662046,-0.26101633578549177,-0.01785190303570837,0.05610999308725945
-0.24624640598263847,-0.2147853277617882,-0.021872221868217995,0.05610999308725945
-0.3863395543710566,-0.3257940300026576,-0.027439771466749332,0.05610999308725945
-0.2333468640379412,-0.2167191590661065,-0.019670867005175872,0.05610999308725945
-0.07130547182736666,-0.1512516185941838,-0.0048249176704735835,0.05610999308725945
-0.3521977073917495,-0.3159778570661178,-0.028788803521952573,0.05610999308725945
-0.23998907838808353,-0.23367128260513087,-0.022434718372292484,0.05610999308725945
-0.2646134506862956,-0.2880108113609762,-0.024686718248453227,0.05610999308725945
-0.11153839719106548,-0.16443786011953565,-0.008237143731157874,0.05610999308725945
-0.19327730372319443,-0.1567930065422305,-0.016432082346415446,0.05610999308725945
-0.37928079113663016,-0.4025592165155979,-0.029758652804776853,0.05610999308725945
-0.19606222188307137,-0.22947566030160985,-0.015006044975416966,0.05610999308725945
-0.3205972934944013,-0.27601201011020576,-0.022168003024688437,0.05610999308725945
-0.30368294622917447,-0.33027237618107896,-0.02502783601650367,0.05610999308725945
-0.23117376902285605,-0.1966683818581744,-0.01710578120476961,0.05610999308725945
-0.2634745003866212,-0.28037726673866703,-0.02087550694970233,0.05610999308725945
-0.3138331256192083,-0.31908781969002153,-0.022513980319825832,0.05610999308725945
-0.2331721990740982,-0.2426958286919497,-0.01690023765151079,0.05610999308725945
-0.1832077681532879,-0.2328570378454179,-0.011503625109994224,0.05610999308725945
-0.2269335899304555,-0.22131059479448803,-0.01864365005360555,0.05610999308725945
-0.2711168636788095,-0.27085512663202355,-0.018808575370430593,0.05610999308725945
-0.2608878893431333,-0.27027836992722687,-0.020177272742215802,0.05610999308725945
-0.27714996587874274,-0.303685022985451,-0.019141207869166173,0.05610999308725945
-0.28012165869390276,-0.2764304414450583,-0.020849299689352528,0.05610999308725945
-0.2629206769080761,-0.2164477441462022,-0.020017588256078335,0.05610999308725945
-0.3648490245491037,-0.3413551520771723,-0.025691027281360718,0.05610999308725945
-0.1752919912977267,-0.2114039502179801,-0.013324290645744691,0.05610999308725945
-0.22264593878924316,-0.24648432861561426,-0.014742262886690153,0.05610999308725945
-0.2048378511070061,-0.22233970969912528,-0.016074574770268153,0.05610999308725945
-0.20205537397978973,-0.21864168141542883,-0.016282217711427013,0.05610999308725945
-0.1933588558563473,-0.151398635009132,-0.016335671892622944,0.05610999308725945
-0.27042656349274774,-0.2347682512397442,-0.023086320031687604,0.05610999308725945
-0.3214195699644949,-0.27531085490045293,-0.023934353457876797,0.05610999308725945
-0.3520613869684124,-0.32033180473958306,-0.02177461382961062,0.05610999308725945
-0.2861227517715798,-0.27909935482411746,-0.019207078729033798,0.05610999308725945
-0.3838061174084408,-0.3564639159518465,-0.02511941595642112,0.05610999308725945
-0.317269596547603,-0.27968742048391015,-0.02858700170848248,0.05610999308725945
-0.2801936828356746,-0.2159840769913656,-0.019690301089176594,0.05610999308725945
-0.33598349325660604,-0.35744779503649965,-0.02244853415382597,0.05610999308725945
-0.39244016357497835,-0.40419901499001987,-0.027292215017481334,0.05610999308725945
-0.2576938392422581,-0.29649252760798644,-0.0241984453921798,0.05610999308725945
-0.26002419559379386,-0.193026898349458,-0.019475179382452253,0.05610999308725945
-0.21964325639290141,-0.20856540251398067,-0.018870472811710427,0.05610999308725945
-0.24746114004071101,-0.2466765808505465,-0.018413987783564813,0.05610999308725945
-0.25047895249730173,-0.2729359743512901,-0.01774388353937911,0.05610999308725945
-0.28495220188719894,-0.3024749648008776,-0.020263885112137982,0.05610999308725945
-0.2729670031655294,-0.23337724977523455,-0.02286786979413858,0.05610999308725945
-0.3886655361619288,-0.46028012281525127,-0.030070821480981245,0.05610999308725945
-0.28614161473482297,-0.2766453115899825,-0.02304987480889715,0.05610999308725945
-0.3314732933206165,-0.34663643406031064,-0.028099722136130073,0.05610999308725945
-0.3207729613968838,-0.3361756506889981,-0.020266932364658742,0.05610999308725945
-0.17868606290451194,-0.17454806588597183,-0.013620796374935172,0.05610999308725945
-0.17622937792033544,-0.21970472318505407,-0.014249036399824522,0.05610999308725945
-0.3707169742058483,-0.3892711943952819,-0.02859770790035677,0.05610999308725945
-0.21801147352041872,-0.20294485188096195,-0.015078508179138733,0.05610999308725945
-0.3425360694438107,-0.33477334026949235,-0.02620804187970255,0.05610999308725945
-0.19713333252313264,-0.19056154616032706,-0.015777440304653705,0.05610999308725945
-0.3601199297543913,-0.31201972281751306,-0.027532355645936143,0.05610999308725945
-0.3402525476721414,-0.35099038173377584,-0.024974014462736824,0.05610999308725945
-0.30489000127157506,-0.32277453901872194,-0.024121071050243068,0.05610999308725945
-0.2741956599992645,-0.25274948968340577,-0.018538745788371096,0.05610999308725945
-0.31386645152340403,-0.26422807900435963,-0.02560679235581032,0.05610999308725945
-0.4502221971735553,-0.48588359692622607,-0.03163266260054618,0.05610999308725945
-0.305524160999449,-0.2876149979361157,-0.01989728980085922,0.05610999308725945
-0.4313249722279085,-0.4116855431973808,-0.03151529130037103,0.05610999308725945
-0.36781569529335006,-0.38348100943732294,-0.026799131482177753,0.05610999308725945
-0.24206327698265265,-0.2346099258698,-0.017317125378827347,0.05610999308725945
-0.4491819444608053,-0.42866028464639727,-0.03434684214283455,0.05610999308725945
-0.2738436104931165,-0.3055736184697853,-0.017601366993064468,0.05610999308725945
-0.2805890681065201,-0.31527670185636497,-0.021786202480179987,0.05610999308725945
-0.2891809389504423,-0.25252331058348554,-0.024255629772413537,0.05610999308725945
-0.3299883642219617,-0.3500178116041187,-0.028721261772515112,0.05610999308725945
-0.22746879503326226,-0.27031229679221497,-0.017521481995248105,0.05610999308725945
-0.21877228009117589,-0.2357521303243974,-0.016607739914221455,0.05610999308725945
-0.26810947884414005,-0.2255514529179931,-0.018602274917926605,0.05610999308725945
-0.20045804064921288,-0.2618645074101928,-0.014565277687748656,0.05610999308725945
-0.33539228176423264,-0.3316633776455887,-0.025264242151923546,0.05610999308725945
-0.3168155799078051,-0.32998965230617866,-0.02169790415976722,0.05610999308725945
-0.2924265386689755,-0.2634590700646307,-0.020648749377510225,0.05610999308725945
-0.2596431762688032,-0.2500579583943546,-0.01951147770793485,0.05610999308725945
-0.203776113741486,-0.31428151381671576,-0.0166481287414701,0.05610999308725945
-0.2274359822217831,-0.26461258347422406,-0.016351517753076906,0.05610999308725945
-0.23741528795556577,-0.23647590344414224,-0.020753291942572284,0.05610999308725945
-0.29130169284569457,-0.33608517904903,-0.019276097919104965,0.05610999308725945
-0.37798541510019334,-0.33645837456389843,-0.027034231025079195,0.05610999308725945
-0.3436227427168406,-0.3343549089346399,-0.025611077157675907,0.05610999308725945
-0.29382711578854115,-0.32063714652447545,-0.01947625821414283,0.05610999308725945
-0.19030085642908406,-0.13997659046315825,-0.014425515107254067,0.05610999308725945
-0.41692098324664156,-0.4269413234870032,-0.02928758549471329,0.05610999308725945
-0.2862272078132268,-0.29367659781397903,-0.021728861184779714,0.05610999308725945
-0.30581852005137133,-0.30403560059032747,-0.023660144450220674,0.05610999308725945
-0.18732982324138964,-0.16753651378844336,-0.012833441272853316,0.05610999308725945
-0.24692585180095827,-0.2937444515439551,-0.018795018842553357,0.05610999308725945
-0.3459238382981647,-0.32108950472431597,-0.02453135169146539,0.05610999308725945
-0.2714853076088297,-0.20283176233100178,-0.020057038987330477,0.05610999308725945
-0.2689930059732665,-0.25470593889771614,-0.018088809269380043,0.05610999308725945
-0.2557110051722364,-0.19360365505425473,-0.015787753933129853,0.05610999308725945
-0.30258399861987456,-0.3143267496366998,-0.02259771130238485,0.05610999308725945
-0.24552963000986766,-0.24246964959202946,-0.01768300087426855,0.05610999308725945
-0.19808448047948626,-0.20602088763987764,-0.01603014787011165,0.05610999308725945
-0.13147627356926794,-0.28324974130765446,-0.010128513598060449,0.05610999308725945
-0.37240352063377946,-0.3062295378595541,-0.022892098761350933,0.05610999308725945
-0.17327731790966158,-0.18198935827334872,-0.013856111351612363,0.05610999308725945
-0.3253151881225864,-0.3241881583932237,-0.023247310904099015,0.05610999308725945
-0.2157266919634893,-0.22578894097290939,-0.01734189870461328,0.05610999308725945
-0.21199506447536137,-0.24240179586205338,-0.015385433843243188,0.05610999308725945
-0.38991100530872425,-0.44353156046615516,-0.02789958806772696,0.05610999308725945
-0.2676521765191501,-0.3132637078670745,-0.021066669873078456,0.05610999308725945
-0.14495434885361905,-0.17839311058461643,-0.01016012593355121,0.05610999308725945
-0.23276739996585274,-0.21716020831095106,-0.016611167806737926,0.05610999308725945
-0.21872498784336497,-0.22601512007282967,-0.01564014600120053,0.05610999308725945
-0.3675464388367673,-0.3474732967300157,-0.026940678354138877,0.05610999308725945
-0.43382246803770974,-0.4735229091155832,-0.032677017670579234,0.05610999308725945
-0.3430118376523676,-0.3637921187892633,-0.024777934059929313,0.05610999308725945
-0.27349943619279765,-0.25108707329899177,-0.021928444405168376,0.05610999308725945
-0.27723963956182,-0.28455027113219605,-0.024378842908842985,0.05610999308725945
-0.3259670688394377,-0.3740606499256436,-0.024932655707671388,0.05610999308725945
-0.2313729269460725,-0.1586702930715687,-0.017328906582643196,0.05610999308725945
-0.2520625730542138,-0.2303464498363029,-0.016758229399779983,0.05610999308725945
-0.25110842091626956,-0.22365154847866284,-0.020009320841493553,0.05610999308725945
-0.23105450713614661,-0.2324386065105654,-0.017835235981381974,0.05610999308725945
-0.14801083757239367,-0.14213660086739685,-0.01043802582239172,0.05610999308725945
-0.23252562301411794,-0.2691700923376176,-0.017364742120444778,0.05610999308725945
-0.18291815367747127,-0.1983421071975844,-0.013025696086395517,0.05610999308725945
-0.16338702763535184,-0.1732136091964422,-0.012980435346554686,0.05610999308725945
-0.14614823530057142,-0.12392918332381496,-0.010509336748154033,0.05610999308725945
-0.14262441624041125,-0.10688658814482249,-0.011856161149292556,0.05610999308725945
-0.19432374556242468,-0.19271024760956965,-0.01315993607025809,0.05610999308725945
-0.235333133400868,-0.2493341852746097,-0.01806598501866601,0.05610999308725945
-0.20273153958793896,-0.1343673487851355,-0.01618251504492881,0.05610999308725945
-0.30661866878698985,-0.311974486997529,-0.020936477805270415,0.05610999308725945
-0.3346215466427634,-0.33669586261881473,-0.022494727152995747,0.05610999308725945
-0.30825475815272857,-0.30573194383972946,-0.02232156393216727,0.05610999308725945
-0.2564628131485028,-0.26135560443537215,-0.021299291052303198,0.05610999308725945
-0.33325161876636844,-0.31545764513630126,-0.025980430734679382,0.05610999308725945
-0.21312535212657369,-0.24847470469491267,-0.017483743904192817,0.05610999308725945
-0.13486066465851493,-0.12997947424668224,-0.01060737377657531,0.05610999308725945
-0.32106494800189034,-0.34904524147446153,-0.027186503019815057,0.05610999308725945
-0.23429468615309887,-0.2585283656863688,-0.017168885259607965,0.05610999308725945
-0.27970569794188094,-0.263753102894527,-0.019352806413528104,0.05610999308725945
-0.23245145215476143,-0.2614008402553562,-0.018369066403334983,0.05610999308725945
-0.3775338486372181,-0.34052959836246327,-0.026484587237176723,0.05610999308725945
-0.2669032784470453,-0.28006061599877863,-0.018869400866278824,0.05610999308725945
-0.19473107856797842,-0.2344402915448598,-0.016626978399964343,0.05610999308725945
-0.1563580807861235,-0.18965682976064596,-0.010338622702812146,0.05610999308725945
-0.18771751483851654,-0.12530887583332861,-0.013546753082581423,0.05610999308725945
-0.27132661133393093,-0.3090680855635535,-0.021986948660153285,0.05610999308725945
-0.27908877818798267,-0.26109549847046387,-0.023567275518896,0.05610999308725945
-0.29863923282481175,-0.30019055589168286,-0.02292299642716741,0.05610999308725945
-0.24752445096765507,-0.2450820181961086,-0.018418871745652238,0.05610999308725945
-0.3119479873462595,-0.336119105914018,-0.02320752922746511,0.05610999308725945
-0.19085901256136506,-0.15969940797620594,-0.013995150655346782,0.05610999308725945
-0.23740970593059554,-0.20794340998919997,-0.018117471328458236,0.05610999308725945
-0.20895267181496113,-0.2007735325217273,-0.015528610739644445,0.05610999308725945
-0.21920137361474315,-0.22589072156787351,-0.01695800181836976,0.05610999308725945
-0.2649042403471515,-0.2613895313003602,-0.018560133383196203,0.05610999308725945
-0.20256991655605605,-0.20603219659487365,-0.016896874161025113,0.05610999308725945
-0.3496009320850359,-0.3381999536332845,-0.022701853805240507,0.05610999308725945
-0.3119358257126283,-0.2902160575851988,-0.02184930803324657,0.05610999308725945
-0.3486666155399555,-0.37737417373947557,-0.022935476578476343,0.05610999308725945
-0.18188019832979616,-0.14897851863998507,-0.01266158990854711,0.05610999308725945
-0.32712260212008254,-0.29304329633420223,-0.02380971663189151,0.05610999308725945
-0.27487186906763034,-0.23362604678514684,-0.01993510039568644,0.05610999308725945
-0.27784252197867343,-0.21852859186546866,-0.023647105777815876,0.05610999308725945
-0.2309055726894062,-0.28082962493850755,-0.01622714807216665,0.05610999308725945
-0.27429807347278357,-0.30223747674596135,-0.020069030012934447,0.05610999308725945
-0.3732784836798399,-0.35655438759181457,-0.031032627365496057,0.05610999308725945
-0.3464852327880841,-0.3206597644344674,-0.02045328418189005,0.05610999308725945
-0.3559977921370731,-0.37979429010862253,-0.02564821332364183,0.05610999308725945
-0.17446933389007666,-0.1776919553748636,-0.013230447721058117,0.05610999308725945
-0.2746304098496117,-0.21673046802110252,-0.02018114308386617,0.05610999308725945
-0.21239352579317533,-0.22141237538945213,-0.016546744842367206,0.05610999308725945
-0.35564167754657494,-0.39657677932270674,-0.02714819511008676,0.05610999308725945
-0.2293298863549337,-0.17988589264409025,-0.01781344057274881,0.05610999308725945
-0.31618046044898646,-0.27181638780668477,-0.028799816249774852,0.05610999308725945
-0.27760822817416614,-0.25306614042329423,-0.022625787415778073,0.05610999308725945
-0.14931408898118353,-0.10699967769478262,-0.008916051007780257,0.05610999308725945
-0.17706912302510497,-0.20208537130126494,-0.013775130535993095,0.05610999308725945
-0.30990431316077205,-0.3112280959677921,-0.02516898289508949,0.05610999308725945
-0.25353249780928483,-0.2583926582264166,-0.01800391754608512,0.05610999308725945
-0.1918098948227533,-0.2390204183182453,-0.01291957709308372,0.05610999308725945
-0.2985292656962218,-0.32416554048323165,-0.01910486400266829,0.05610999308725945
-0.28841884489466973,-0.34538114005575316,-0.02157385093904397,0.05610999308725945
-0.0833152270101265,-0.12573861612317713,-0.005501235398925294,0.05610999308725945
-0.21133811350277995,-0.1979236758627319,-0.015809123829419562,0.05610999308725945
-0.21634894651060765,-0.2155543367015171,-0.016433123871370046,0.05610999308725945
-0.32779723011208894,-0.2977704395225359,-0.023415027859872286,0.05610999308725945
-0.15936026168286255,-0.15880600053152089,-0.012757871947469617,0.05610999308725945
-0.18215535476480083,-0.18785870591627982,-0.013099430080640653,0.05610999308725945
-0.40545047131618905,-0.3950161435332568,-0.03131653995630622,0.05610999308725945
-0.31563500919924536,-0.2596705701409662,-0.025113057827470395,0.05610999308725945
-0.2814905682708158,-0.25909381343616944,-0.02593026400094178,0.05610999308725945
-0.236457902150866,-0.25419703592289555,-0.016903767914259054,0.05610999308725945
-0.25945703330202197,-0.3167807928708348,-0.02091480127295443,0.05610999308725945
-0.3619719480913513,-0.3617225800249928,-0.03290451067751366,0.05610999308725945
-0.1868064717770718,-0.19689456095809466,-0.016189953339327667,0.05610999308725945
-0.21180795486488177,-0.28054690106360725,-0.016842201819059096,0.05610999308725945
-0.32950426895230206,-0.35111478023873205,-0.023430041607194325,0.05610999308725945
-0.14184795323879051,-0.13187937868601252,-0.010805964038648263,0.05610999308725945
-0.08163153469924433,-0.09845010771779633,-0.0065396133468923435,0.05610999308725945
-0.22682392505904098,-0.29602886045314986,-0.017617806359342784,0.05610999308725945
-0.3472310125912364,-0.3742868290255638,-0.021974909112791086,0.05610999308725945
-0.1298160974931516,-0.11609207751157755,-0.009117245032902201,0.05610999308725945
-0.26897769055515675,-0.29409502914883157,-0.027426739280350953,0.05610999308725945
-0.22746064741210584,-0.22434139473341966,-0.01507629610025765,0.05610999308725945
-0.21270928046825943,-0.24669919876053853,-0.015442610725366467,0.05610999308725945
-0.2222829689421959,-0.23096844236108363,-0.016267612666125298,0.05610999308725945
-0.26653623313005265,-0.2859978173716858,-0.021203142659806006,0.05610999308725945
-0.3285720655979257,-0.31368213920192706,-0.029465249234713144,0.05610999308725945
-0.2643321803327162,-0.25160728522880843,-0.018086616739900824,0.05610999308725945
-0.2816038909489983,-0.35550265477718535,-0.023345569230150152,0.05610999308725945
-0.3148446538787924,-0.3177194361355039,-0.02386966677093913,0.05610999308725945
-0.2906802581938308,-0.2826616756478618,-0.02365609112020136,0.05610999308725945
-0.31878991875835294,-0.2989352618871253,-0.022997358890026395,0.05610999308725945
-0.23848107320105752,-0.28514964574698476,-0.01779510071011883,0.05610999308725945
-0.23842041375657622,-0.27199733108662094,-0.020538343524260982,0.05610999308725945
-0.2151282092972517,-0.12996816529168623,-0.015374616470817929,0.05610999308725945
-0.3596876128205471,-0.33306568806509435,-0.02704385438161705,0.05610999308725945
-0.2009163517351074,-0.2691474744276255,-0.016325572549051447,0.05610999308725945
-0.18573720476629937,-0.20937964727369365,-0.01366652271801569,0.05610999308725945
-0.3125148134089189,-0.30958829749337013,-0.02457331143890899,0.05610999308725945
-0.42910609962126856,-0.425143199642637,-0.03547763047066393,0.05610999308725945
-0.328248495715269,-0.2712961758768681,-0.02366561239172613,0.05610999308725945
-0.26836927632002755,-0.26801657892802416,-0.017620586076088254,0.05610999308725945
-0.3482882245267932,-0.30124228870631214,-0.028369727058491154,0.05610999308725945
-0.19535248784011025,-0.2700521908273066,-0.014542857426849878,0.05610999308725945
-0.27926798692904264,-0.24698192263543886,-0.020164051484203985,0.05610999308725945
-0.24069777549289967,-0.2703236057472109,-0.01570479481719616,0.05610999308725945
-0.24859211102636658,-0.2072987995544272,-0.020125651750665465,0.05610999308725945
-0.32467651563731514,-0.29617587686809804,-0.020656808014015652,0.05610999308725945
-0.43210303026383384,-0.4276537876517521,-0.0348476006159057,0.05610999308725945
-0.2483521298309681,-0.2339313885700392,-0.016342484361641856,0.05610999308725945
-0.37946049148986116,-0.36453850981900016,-0.025815790951322498,0.05610999308725945
-0.226411019858567,-0.2619775969601529,-0.018771129968504066,0.05610999308725945
-0.2944051876032727,-0.26544944614392907,-0.024673851556180567,0.05610999308725945
-0.35111661676575256,-0.34004331329763476,-0.02804578443000504,0.05610999308725945
-0.24740229419481405,-0.29349565453404275,-0.02046285137793543,0.05610999308725945
-0.34828326009746646,-0.3817507393229328,-0.027495566963029572,0.05610999308725945
-0.27656619680630984,-0.28258251296288966,-0.02340901709443661,0.05610999308725945
-0.5099980838097538,-0.4859401417012061,-0.03384610855561899,0.05610999308725945
-0.248485499891334,-0.24193812870721682,-0.019017430571170005,0.05610999308725945
-0.3100423846147353,-0.2632102730547184,-0.023234519964632005,0.05610999308725945
-0.25665585101826616,-0.2414292257323962,-0.02331330097548624,0.05610999308725945
-0.28287532629692297,-0.2390882720482214,-0.016526815901357506,0.05610999308725945
-0.19133187055446474,-0.28447110844722395,-0.014015581055969156,0.05610999308725945
-0.3541942776616604,-0.3797377453336424,-0.027793911645098417,0.05610999308725945
-0.39209591169698815,-0.4160621087808381,-0.03082739851341085,0.05610999308725945
-0.27368007133483896,-0.2655399177838972,-0.023458337960880253,0.05610999308725945
-0.3072547718148998,-0.312845276532222,-0.021716866654095376,0.05610999308725945
-0.4112394759304431,-0.35511815030732086,-0.03240450765595594,0.05610999308725945
-0.14730386641556042,-0.16261711836517748,-0.011617414197915583,0.05610999308725945
-0.2877484221344086,-0.2372675302938632,-0.02311562585587979,0.05610999308725945
-0.2691598668551674,-0.2937444515439551,-0.020246756956157217,0.05610999308725945
-0.1726948675934877,-0.17048815104240292,-0.014136331268655851,0.05610999308725945
-0.19922502011666907,-0.19282333715952976,-0.01613070160448639,0.05610999308725945
-0.2642638859592467,-0.28982024416033836,-0.01970024445278243,0.05610999308725945
-0.2550279823794116,-0.2777988249995759,-0.021801051702905725,0.05610999308725945
-0.2636528954539334,-0.2478300942601399,-0.021146903410491878,0.05610999308725945
-0.3377589321028819,-0.27721075933978323,-0.02588763586785735,0.05610999308725945
-0.3072374553944984,-0.31475648992654837,-0.02400579247635513,0.05610999308725945
-0.24601253639424553,-0.22842392748698057,-0.01845813679777714,0.05610999308725945
-0.3254783639096794,-0.32534167180281703,-0.023321883341183233,0.05610999308725945
-0.3519091355900563,-0.35494851598238064,-0.02514532667307062,0.05610999308725945
-0.18304235245327535,-0.1290295220270171,-0.014845443449932626,0.05610999308725945
-0.24335250667532715,-0.24734380919531132,-0.02001070535943473,0.05610999308725945
-0.17943549543972862,-0.1612374258556638,-0.01499819198721915,0.05610999308725945
-0.3014927553240476,-0.32931111500641785,-0.02239360108413749,0.05610999308725945
-0.26245036262563476,-0.26793741624305206,-0.019067885465182885,0.05610999308725945
-0.16649488396499945,-0.151387326054136,-0.013636616573536955,0.05610999308725945
-0.2808885970579938,-0.2773803936647234,-0.021753958642572454,0.05610999308725945
-0.2880414858467008,-0.2406941436576553,-0.018868881619752365,0.05610999308725945
-0.30888460705754317,-0.3030856483706623,-0.02194558106727888,0.05610999308725945
-0.14843174956691996,-0.1240535818287711,-0.010638405495317667,0.05610999308725945
-0.08838500725617653,-0.05962646521648167,-0.008173565032355126,0.05610999308725945
-0.3413684372485781,-0.2909285217499477,-0.03192567998040684,0.05610999308725945
-0.363136284361466,-0.33769105065846394,-0.02803497832594572,0.05610999308725945
-0.29259540967427683,-0.25320184788324634,-0.022246431220983045,0.05610999308725945
-0.3083279955598076,-0.32255966887379767,-0.021191951108347516,0.05610999308725945
-0.3341279096257349,-0.3647873068289125,-0.024761569516605554,0.05610999308725945
-0.2857389185251458,-0.28837269792084863,-0.02121377906702014,0.05610999308725945
-0.1855056470237801,-0.24122566454246797,-0.014547540141262926,0.05610999308725945
-0.2191276861133489,-0.21778220083573177,-0.01816293829053519,0.05610999308725945
-0.30342835268257845,-0.31856760776020493,-0.022956750093973386,0.05610999308725945
-0.29941619947411746,-0.3418527460969969,-0.019387061680782778,0.05610999308725945
-0.2429214928226833,-0.2424922675020215,-0.02001042666690126,0.05610999308725945
-0.26537890728671576,-0.29231952321445737,-0.017591961103558342,0.05610999308725945
-0.23221144368635527,-0.24882528229978906,-0.018304981409466427,0.05610999308725945
-0.17050366665057465,-0.16745735110347132,-0.013613440822259184,0.05610999308725945
-0.29152884765315756,-0.30670451396938664,-0.022067809423284887,0.05610999308725945
-0.17369493795392546,-0.15396576779322704,-0.012761644005617277,0.05610999308725945
-0.37670201392927705,-0.36825915601268866,-0.025592598420454034,0.05610999308725945
-0.23859550456196185,-0.22411521563349937,-0.019233478690750844,0.05610999308725945
-0.19490278416629225,-0.21477401880679217,-0.01734230228790029,0.05610999308725945
-0.31328382287623807,-0.27554834295536923,-0.021579463141823383,0.05610999308725945
-0.3047418407772049,-0.2901934396752068,-0.028760268092878283,0.05610999308725945
-0.22602113662865486,-0.19983488925705822,-0.014894232729599922,0.05610999308725945
-0.3189493170799517,-0.32177935097907284,-0.02295097660522815,0.05610999308725945
-0.21564539779431854,-0.1997557265720861,-0.016521533936817812,0.05610999308725945
-0.2768698963487679,-0.2801058518187627,-0.018916615800915804,0.05610999308725945
-0.23943932279706767,-0.2787713951292331,-0.017093829113900953,0.05610999308725945
-0.2124781109580281,-0.19814985496265217,-0.018002023506808257,0.05610999308725945
-0.27926367654964074,-0.28103318612843575,-0.02267616160340558,0.05610999308725945
-0.26217327728655526,-0.31448507500664397,-0.019192252813513232,0.05610999308725945
-0.18551447837512056,-0.2287066513618809,-0.013389354720279405,0.05610999308725945
-0.39981101611617004,-0.394360224143488,-0.029616102751061472,0.05610999308725945
-0.27254225222890904,-0.2809879503084518,-0.021806317545428878,0.05610999308725945
-0.3896651816919764,-0.4202011863093791,-0.029032185871905713,0.05610999308725945
-0.2560988562463442,-0.26633154463361813,-0.020756802692979942,0.05610999308725945
-0.3356569553034975,-0.34422762664615975,-0.023920085792193176,0.05610999308725945
-0.3263132290219881,-0.3198342107197585,-0.025436456422428515,0.05610999308725945
-0.38522456480996387,-0.3972440076674715,-0.028337213216538377,0.05610999308725945
-0.2143820172356955,-0.24603197041577374,-0.017090891972404855,0.05610999308725945
-0.2541708512427345,-0.26466912824920413,-0.022022653225190335,0.05610999308725945
-0.1052277483368448,-0.14511085603134843,-0.007448884416151643,0.05610999308725945
-0.20175467825639284,-0.21683224861606662,-0.016812875119755294,0.05610999308725945
-0.19577959969816525,-0.2132020740623463,-0.015560799518572884,0.05610999308725945
-0.42135583451402536,-0.40599713883438604,-0.030664495518373143,0.05610999308725945
-0.31258119475536855,-0.30484984535004045,-0.026964814876363964,0.05610999308725945
-0.38182826798870945,-0.38268938258760204,-0.028719704627923413,0.05610999308725945
-0.31136181466430296,-0.31345596010200677,-0.023517663039954,0.05610999308725945
-0.31843668075747633,-0.3489547698344934,-0.027487764062127693,0.05610999308725945
-0.12220542760741077,-0.152258115588829,-0.009079608674805612,0.05610999308725945
-0.20380877818937734,-0.17727352404001107,-0.015831704820438313,0.05610999308725945
-0.19057544427258474,-0.20925524876873752,-0.01439345736222728,0.05610999308725945
-0.17552706117225148,-0.18385533584769098,-0.01190376935809272,0.05610999308725945
-0.2821124124074339,-0.30235056629592144,-0.024203667605497994,0.05610999308725945
-0.14516272601809987,-0.1436746187468547,-0.011727871214668933,0.05610999308725945
-0.2831074998507648,-0.27924637123906565,-0.021022287206834484,0.05610999308725945
-0.23787094699097022,-0.2571712910868471,-0.017938346229982517,0.05610999308725945
-0.2922076935715289,-0.2602925626657469,-0.023741582895523777,0.05610999308725945
-0.2006738748143725,-0.19580890127847736,-0.017650703375058717,0.05610999308725945
-0.19863015181932658,-0.1694364182277737,-0.01454928625298615,0.05610999308725945
-0.2541926551415848,-0.27548048922539314,-0.018863466929916795,0.05610999308725945
-0.29451097168831397,-0.30203391555603304,-0.02098118540246655,0.05610999308725945
-0.39679835742293385,-0.3927317346240621,-0.025639842852557552,0.05610999308725945
-0.23657300776123646,-0.20389480410062708,-0.016862810010825482,0.05610999308725945
-0.3152873908676799,-0.3021017692860091,-0.025690027274263734,0.05610999308725945
-0.20562301239309963,-0.23812701087356025,-0.015770128462913292,0.05610999308725945
-0.33325292982015775,-0.3573686323515276,-0.029272259592398844,0.05610999308725945
-0.16560277362858297,-0.13837071885372434,-0.012127625659946475,0.05610999308725945
-0.42117073474471944,-0.4175435818853159,-0.03418162011465083,0.05610999308725945
-0.3421411554492349,-0.33615303277900604,-0.028851457303729025,0.05610999308725945
-0.34094855267455076,-0.40908448354829774,-0.02521640535572247,0.05610999308725945
-0.20415565671863736,-0.2186077545504408,-0.018360045690912024,0.05610999308725945
-0.253878402440635,-0.22227185596914917,-0.022283830364616116,0.05610999308725945
-0.1336597221291122,-0.1987266116674489,-0.011005498862310274,0.05610999308725945
-0.35395983087305405,-0.33646968351889445,-0.02277499416688061,0.05610999308725945
-0.18453608147436018,-0.20408705633555932,-0.016094020796538072,0.05610999308725945
-0.23016181970606348,-0.25297566878332606,-0.015466372244204368,0.05610999308725945
-0.13736794013736905,-0.13941114271335758,-0.011312785437912925,0.05610999308725945
-0.14419194727468584,-0.19689456095809466,-0.009228800165843546,0.05610999308725945
-0.19266213787220773,-0.217126281445963,-0.013456314789103117,0.05610999308725945
-0.35797247117810177,-0.3504701698039593,-0.03017420061052105,0.05610999308725945
-0.2216681029936234,-0.24336305703671454,-0.017124540568721685,0.05610999308725945
-0.23151341481204282,-0.28006061599877863,-0.018877245478745076,0.05610999308725945
-0.3269730819724685,-0.33252285822528566,-0.028008900547965548,0.05610999308725945
-0.3152830670567216,-0.28831615314586856,-0.025843848536977906,0.05610999308725945
-0.24968627722119105,-0.20659764434467434,-0.01865123093435534,0.05610999308725945
-0.1755082325671216,-0.15748285279698726,-0.014683040801373618,0.05610999308725945
-0.2205280200979702,-0.20786424730422784,-0.015515162865558135,0.05610999308725945
-0.21316395194349289,-0.24451657044630792,-0.015786766777127738,0.05610999308725945
-0.395918486251338,-0.3831191228774505,-0.02934330099735936,0.05610999308725945
-0.1747501228748889,-0.2098206965185382,-0.014981407519643443,0.05610999308725945
-0.3499569276147373,-0.3527998145331381,-0.029153712086163103,0.05610999308725945
-0.21230002269482232,-0.21152834872293624,-0.014782577677486319,0.05610999308725945
-0.33897244196110055,-0.27568405041532135,-0.027425998226687533,0.05610999308725945
-0.17371371146727804,-0.18682959101164257,-0.012780733510105703,0.05610999308725945
-0.2558125342947015,-0.24345352867668263,-0.0194401592026152,0.05610999308725945
-0.3068487276337801,-0.32862126875166103,-0.023567522222015788,0.05610999308725945
-0.20874974821156872,-0.16352183476485854,-0.017194764692217118,0.05610999308725945
-0.24551539155658686,-0.2839735144273994,-0.019732068066543453,0.05610999308725945
-0.14008652649414147,-0.11095781194338737,-0.01072555415050312,0.05610999308725945
-0.29936223273843465,-0.3099388750982466,-0.021685224674486362,0.05610999308725945
-0.2814379523598052,-0.26688568342842284,-0.01873131963012471,0.05610999308725945
-0.17035846500580049,-0.11651050884643005,-0.012699344725145775,0.05610999308725945
-0.2078992462796337,-0.17252376294168534,-0.016215614194311296,0.05610999308725945
-0.3120267064680091,-0.2945813142136601,-0.021993944092611458,0.05610999308725945
-0.34059172837448637,-0.39305969431894644,-0.0252097542817043,0.05610999308725945
-0.20789709212955376,-0.19622733261332986,-0.016845400666757118,0.05610999308725945
-0.27224982163253697,-0.24622422265070598,-0.019170076564439715,0.05610999308725945
-0.2964097369075412,-0.2992858394920017,-0.024702993304859665,0.05610999308725945
-0.23080968694145013,-0.16109040944071562,-0.016965467320988976,0.05610999308725945
-0.3350394727168013,-0.3386410028781291,-0.027420755274575805,0.05610999308725945
-0.35407837404077847,-0.3356102029391974,-0.02303818453114267,0.05610999308725945
-0.1852632253914856,-0.2228599216289419,-0.017085861448845958,0.05610999308725945
-0.3663061689850807,-0.40338477023030683,-0.02830681889021132,0.05610999308725945
-0.22080520781845586,-0.2431481868917903,-0.015551747174001025,0.05610999308725945
-0.366695661481455,-0.3512504876986842,-0.026125801993393274,0.05610999308725945
-0.29051218557182623,-0.30546052891982517,-0.01939408777812142,0.05610999308725945
-0.31318058150485906,-0.3001340111167028,-0.025085513557950797,0.05610999308725945
-0.3276605053310056,-0.29178800232964475,-0.023380486004339292,0.05610999308725945
-0.16761178145407887,-0.17768064641986758,-0.01367694512820668,0.05610999308725945
-0.28798376773128975,-0.28556807708183723,-0.019747197877046246,0.05610999308725945
-0.38000690360180256,-0.36320405312947057,-0.03204000530447051,0.05610999308725945
-0.09794796010938572,-0.030811247886639036,-0.006168084312017805,0.05610999308725945
-0.2079351588174531,-0.195526177403577,-0.014748382529295818,0.05610999308725945
-0.2762788362937653,-0.25510175232257665,-0.02059129913940245,0.05610999308725945
-0.32158147935595605,-0.31085490045292363,-0.026372444149119118,0.05610999308725945
-0.19387987700912682,-0.24422253761641155,-0.015059443986473195,0.05610999308725945
-0.0985128660556524,-0.09788465996799565,-0.008442250726177528,0.05610999308725945
-0.3215064987286819,-0.32288762856868214,-0.022181112192914736,0.05610999308725945
-0.19833179122453404,-0.24753606143024354,-0.01526889305454222,0.05610999308725945
-0.23262061071988505,-0.25120016284895197,-0.01784818333892131,0.05610999308725945
-0.2676386464332493,-0.2752090743054888,-0.021740018062345864,0.05610999308725945
-0.1521841957020776,-0.17444628529100767,-0.013500364665656583,0.05610999308725945
-0.3051951348262072,-0.2982454156323685,-0.024760743515467563,0.05610999308725945
-0.11805949903107704,-0.07627324697061369,-0.00875812477428781,0.05610999308725945
-0.22860851895397608,-0.26128775070539606,-0.01828401552058777,0.05610999308725945
-0.11859770652354734,-0.05761347122719125,-0.009141168851761769,0.05610999308725945
-0.1594066502209467,-0.17766933746487157,-0.012209940374905137,0.05610999308725945
-0.3076763030630432,-0.27983443689885834,-0.022401321533191663,0.05610999308725945
-0.1624296022085203,-0.1467393455507744,-0.011501156504341487,0.05610999308725945
-0.3396114316587933,-0.3417735834120248,-0.02428652567693203,0.05610999308725945
-0.30863743939689525,-0.28937919491549385,-0.02455450816972714,0.05610999308725945
-0.2670761560042936,-0.2201118455649106,-0.021005905688996934,0.05610999308725945
-0.25885662323382713,-0.2459188808658136,-0.019966135811381073,0.05610999308725945
-0.14485246683519215,-0.14465849783150786,-0.011016151497474654,0.05610999308725945
-0.26415152327302815,-0.2830687980277182,-0.020869913859110127,0.05610999308725945
-0.26170623899351814,-0.24819198082001234,-0.015542522178540049,0.05610999308725945
-0.3453778604575343,-0.3195854137098461,-0.025656754273651255,0.05610999308725945
-0.34547299314272734,-0.30077862155147556,-0.024981006048426294,0.05610999308725945
-0.15682064739639484,-0.17642535241531004,-0.011609127817250346,0.05610999308725945
-0.142548887660981,-0.12897297725203702,-0.01015264379516869,0.05610999308725945
-0.27499784972775626,-0.31419104217674765,-0.01947278156784768,0.05610999308725945
-0.3216509897485254,-0.2841996935273196,-0.022651659085033193,0.05610999308725945
-0.17446467064002383,-0.23997037053791045,-0.015338026168369885,0.05610999308725945
-0.1416172758690355,-0.16339743625990244,-0.010423120972056558,0.05610999308725945
-0.22877495913139226,-0.23883947503830907,-0.017092907609492697,0.05610999308725945
-0.205165065743373,-0.23148865429090026,-0.015870919536745583,0.05610999308725945
-0.26712471050743175,-0.27680363695992677,-0.019746804255556416,0.05610999308725945
-0.3935385656096548,-0.39347812565379897,-0.02775869703097358,0.05610999308725945
-0.2904755271628818,-0.31561597050624535,-0.0211140214335406,0.05610999308725945
-0.3186398602644719,-0.3816489587279688,-0.024222968418550133,0.05610999308725945
-0.22823698909510984,-0.20417752797552743,-0.016262664050424022,0.05610999308725945
-0.23332522670584127,-0.24401897642648332,-0.0183943434720995,0.05610999308725945
-0.28070708546008905,-0.25843789404640066,-0.018578900176522594,0.05610999308725945
-0.22770632833370563,-0.22402474399353128,-0.016891589220808297,0.05610999308725945
-0.18501932715878547,-0.18425114927255146,-0.012976385336727533,0.05610999308725945
-0.2527914427219468,-0.22091478136962753,-0.01793012639156963,0.05610999308725945
-0.22870080967571554,-0.18056442994385105,-0.01768201727980687,0.05610999308725945
-0.24905242303975092,-0.23023336028634275,-0.020286531143326052,0.05610999308725945
-0.33827668757306395,-0.36166603525001273,-0.02401640198213809,0.05610999308725945
-0.26867949455300394,-0.25969318805095815,-0.01949732861087823,0.05610999308725945
-0.2759492507642187,-0.3262690061124902,-0.019146858711201187,0.05610999308725945
-0.30968636328550897,-0.28422231143731164,-0.026583464628354835,0.05610999308725945
-0.30700972731757586,-0.28786379494602804,-0.022430181992678735,0.05610999308725945
-0.24158797788227812,-0.24768307784519172,-0.014052845035553789,0.05610999308725945
-0.25937310331712643,-0.30015662902669477,-0.019229881578603197,0.05610999308725945
-0.36810606079072106,-0.3609535710852639,-0.03398878870821849,0.05610999308725945
-0.33706433813752706,-0.338618384968137,-0.02607428072418283,0.05610999308725945
-0.2435912842850733,-0.2447540585012242,-0.019737098379006144,0.05610999308725945
-0.18670950553637677,-0.21182238155283262,-0.01534927598237562,0.05610999308725945
-0.2723640321215224,-0.28837269792084863,-0.02002048542769267,0.05610999308725945
-0.22653318077575565,-0.17192438832689666,-0.01908332959578168,0.05610999308725945
-0.3210804581241863,-0.2682993028029245,-0.026383355989951337,0.05610999308725945
-0.26843096680027634,-0.28815782777592436,-0.021570214136961183,0.05610999308725945
-0.2122474327585519,-0.18005552696903043,-0.01596128280839414,0.05610999308725945
-0.2676812862233296,-0.30572063488473344,-0.019441568053694624,0.05610999308725945
-0.2530412810225081,-0.2421869257171291,-0.018255378343814105,0.05610999308725945
-0.1090864514516353,-0.12182571769455644,-0.008112495963857028,0.05610999308725945
-0.3824886681354761,-0.4289769353862857,-0.02744322172583827,0.05610999308725945
-0.2772092028367679,-0.28007192495377464,-0.020052507232535138,0.05610999308725945
-0.2938191011604976,-0.32332867781352664,-0.021421935905989543,0.05610999308725945
-0.37545847167527985,-0.3716405335564967,-0.02364095810180727,0.05610999308725945
-0.24502973230126868,-0.2815533980582524,-0.0175739371150222,0.05610999308725945
-0.33110175701844224,-0.32730942997212337,-0.02454861891810507,0.05610999308725945
-0.2536184882616466,-0.2782624921544125,-0.017979769631922892,0.05610999308725945
-0.06612164477514584,-0.1529027260236018,-0.005992209349833415,0.05610999308725945
-0.18095943087959443,-0.20335197426081844,-0.011655712412845413,0.05610999308725945
-0.4515020865620101,-0.4645549078037445,-0.030331660678666474,0.05610999308725945
-0.3600872639239464,-0.36408615161915964,-0.025891560810314473,0.05610999308725945
-0.261387730230344,-0.24037749291776694,-0.018573740589639332,0.05610999308725945
-0.21871306088743728,-0.2162328740012779,-0.015715762682996258,0.05610999308725945
-0.27164499122820973,-0.29987390515179446,-0.01987787500746018,0.05610999308725945
-0.1593987352804314,-0.16479974667940808,-0.012399993262076173,0.05610999308725945
-0.27080319963532606,-0.2567980955719787,-0.021368641892044092,0.05610999308725945
-0.2808782103071678,-0.28772808748607587,-0.02407261061451323,0.05610999308725945
-0.256139178729264,-0.26626369090364205,-0.021227197466084233,0.05610999308725945
-0.3731090172710087,-0.3529807578130743,-0.02717504277745734,0.05610999308725945
-0.2140603850410173,-0.21161882036290436,-0.014645217677876765,0.05610999308725945
-0.29403753747987754,-0.31050432284804724,-0.02512476713199136,0.05610999308725945
-0.19110515965966357,-0.19073118048526727,-0.017249675139444715,0.05610999308725945
-0.2289959333859525,-0.24337436599171053,-0.018808950999585735,0.05610999308725945
-0.1606913400847769,-0.2357860571893854,-0.014060141149616673,0.05610999308725945
-0.4043148211180484,-0.3862743213213383,-0.03139766803957946,0.05610999308725945
-0.3129308157709134,-0.3354066417492692,-0.022364052757904478,0.05610999308725945
-0.2489315271346092,-0.23718836760889112,-0.018337439406193323,0.05610999308725945
-0.11089049963884386,-0.11267677310278143,-0.008464261235145149,0.05610999308725945
-0.17739168774725964,-0.1358714397996053,-0.013530528237569703,0.05610999308725945
-0.10430728962053548,-0.1560013796925095,-0.008192947448692117,0.05610999308725945
-0.35136311507854034,-0.33972666255774636,-0.031023987771832438,0.05610999308725945
-0.2610710494816096,-0.27902019213914536,-0.01927432245934976,0.05610999308725945
-0.3192956601052154,-0.33389124177980334,-0.024670446725623445,0.05610999308725945
-0.22677586130477362,-0.2761250996601659,-0.016680093775179233,0.05610999308725945
-0.24936522757285423,-0.2310023692260717,-0.020628588825283338,0.05610999308725945
-0.1532212071713611,-0.15985773334615014,-0.011385614906385996,0.05610999308725945
-0.2558464016001951,-0.28093140553347173,-0.01797040841645128,0.05610999308725945
-0.18415211213339833,-0.20268474591605362,-0.017041994105721867,0.05610999308725945
-0.22504927068466576,-0.18067751949381117,-0.014535441709198856,0.05610999308725945
-0.009493441253698812,-0.012185399008204647,-0.000699665790354414,0.05610999308725945
-0.2728443478904887,-0.2631537282797383,-0.017222492883054163,0.05610999308725945
-0.2598429198829086,-0.27140926542682825,-0.023851460091193155,0.05610999308725945
-0.3336344041015735,-0.40215209413574143,-0.02332940957879357,0.05610999308725945
-0.25551563462145327,-0.33040808364103114,-0.020064559841938886,0.05610999308725945
-0.3468915304663074,-0.35633951744689035,-0.02654134063197826,0.05610999308725945
-0.31026377635751584,-0.28392827860741526,-0.02368942371050718,0.05610999308725945
-0.22178866110442552,-0.21065755918824322,-0.016862420405636437,0.05610999308725945
-0.3889558123069976,-0.3744564633505041,-0.024856255213784102,0.05610999308725945
-0.1916121961969432,-0.2234592962437306,-0.013321678146294109,0.05610999308725945
-0.3250767399386036,-0.2880786650909523,-0.022256457648587004,0.05610999308725945
-0.09783578098759778,-0.16444916907453166,-0.008279917656192246,0.05610999308725945
-0.03133458970616077,-0.05028526838977444,-0.0024624003377307115,0.05610999308725945
-0.21232538213798208,-0.21831372172054442,-0.014536650485046692,0.05610999308725945
-0.16899739147113016,-0.18134474783857596,-0.013896188705757498,0.05610999308725945
-0.26831497568370805,-0.2664672520935703,-0.01906332238245002,0.05610999308725945
-0.19928020192113033,-0.12068351323995906,-0.016733948989573734,0.05610999308725945
-0.24956266830332877,-0.2638322655794991,-0.01959664820454491,0.05610999308725945
-0.15741549376299643,-0.175509327060633,-0.011596872549861347,0.05610999308725945
-0.23930129168333553,-0.26077884773057547,-0.01756522513699594,0.05610999308725945
-0.30917501856664986,-0.27071941917207143,-0.022604930999669665,0.05610999308725945
-0.28882104511497303,-0.3129470571271862,-0.021947743378423167,0.05610999308725945
-0.24668456621214227,-0.23079880803614342,-0.017305623989251714,0.05610999308725945
-0.13371592635791227,-0.17726221508501505,-0.010645103281500364,0.05610999308725945
-0.21533561778690669,-0.19772011467280365,-0.01794721015701142,0.05610999308725945
-0.20878293413775084,-0.20974153383356609,-0.01609984798625429,0.05610999308725945
-0.33409185771383215,-0.3580358606962924,-0.022853539553321707,0.05610999308725945
-0.29116112377957176,-0.3227406121537339,-0.021204614850443365,0.05610999308725945
-0.4095050125093668,-0.46758570774267605,-0.030245450997055556,0.05610999308725945
-0.330093165579447,-0.26905700278765743,-0.025416401011759862,0.05610999308725945
-0.12893749592680942,-0.09790727787798768,-0.009486288520291944,0.05610999308725945
-0.3035523337689721,-0.33147112541065643,-0.024496656889591913,0.05610999308725945
-0.19541659506681072,-0.23026728715133077,-0.016971076781265953,0.05610999308725945
-0.3090225548518534,-0.3388106372030692,-0.021600689861764683,0.05610999308725945
-0.27866295941511154,-0.29510152614347673,-0.020955531996470905,0.05610999308725945
-0.22977353357170535,-0.25260247326845764,-0.019424837393226674,0.05610999308725945
-0.19018288905485464,-0.19027882228542675,-0.014879035633303353,0.05610999308725945
-0.08451087134598309,-0.10688658814482249,-0.006969858643280152,0.05610999308725945
-0.3511742128016048,-0.34072185059739557,-0.028077895503741162,0.05610999308725945
-0.15527778271212092,-0.17848358222458452,-0.01130306138719353,0.05610999308725945
-0.09990738952861572,-0.0929200287247457,-0.007621734944123246,0.05610999308725945
-0.2598066942787346,-0.24491238387116837,-0.017222955655111605,0.05610999308725945
-0.3594498512442043,-0.3456525549756575,-0.027999194113227793,0.05610999308725945
-0.21964961363390162,-0.17002448388756639,-0.01597269461235836,0.05610999308725945
-0.2434047375569016,-0.19023358646544267,-0.016760593345256494,0.05610999308725945
-0.2811508299084793,-0.22935126179665366,-0.02448706017811016,0.05610999308725945
-0.2301378885001399,-0.24819198082001234,-0.01741113788406492,0.05610999308725945
-0.35765081002744825,-0.31195186908753697,-0.02432842031900624,0.05610999308725945
-0.24453167109402313,-0.28656326512148644,-0.017854852415934593,0.05610999308725945
-0.37870468067731816,-0.3893955929002381,-0.029981741783737532,0.05610999308725945
-0.3068549990463277,-0.3417283475920408,-0.020518355096767325,0.05610999308725945
-0.25612272883625337,-0.25239891207852944,-0.01892707389843307,0.05610999308725945
-0.1602471574786636,-0.19190731180485268,-0.011592736872968966,0.05610999308725945
-0.2351773133548429,-0.2858734188667296,-0.018112157984318263,0.05610999308725945
-0.19782177792648917,-0.228774505091857,-0.017482657257206456,0.05610999308725945
-0.17921056876698838,-0.20192704593132074,-0.015219304077262297,0.05610999308725945
-0.08257342708218524,-0.13014910857162246,-0.006708546457473237,0.05610999308725945
-0.17576809440044824,-0.20521795183516067,-0.013252174624272164,0.05610999308725945
-0.22983500095916035,-0.21668523220111846,-0.0181643880172755,0.05610999308725945
-0.2839698815493981,-0.2998060514218184,-0.02219997818074221,0.05610999308725945
-0.3443949022120617,-0.30626346472454213,-0.02490752856233734,0.05610999308725945
-0.10038483789456243,-0.04066134768816687,-0.0082204356159767,0.05610999308725945
-0.23708753232583596,-0.23209933786068498,-0.02130269004610681,0.05610999308725945
-0.27071817622391015,-0.22982623790648626,-0.01981527281844899,0.05610999308725945
-0.28129821003838235,-0.28115758463339197,-0.019868899017449298,0.05610999308725945
-0.15205892497226214,-0.2087350368389209,-0.010173096514493102,0.05610999308725945
-0.3311450360544452,-0.3452001967758169,-0.024027995603979,0.05610999308725945
-0.16866129581306033,-0.163872412369735,-0.013368139820520635,0.05610999308725945
-0.28400433568226946,-0.24965083601449808,-0.02316377354453668,0.05610999308725945
-0.296697108276581,-0.29289627991925404,-0.028800947654640145,0.05610999308725945
-0.31158618027223706,-0.34592396989556173,-0.024042588640630313,0.05610999308725945
-0.1761419818469426,-0.1593827572363176,-0.012129081478020477,0.05610999308725945
-0.2035131084497763,-0.20020808477192664,-0.01415043081439578,0.05610999308725945
-0.0875541578990496,-0.14033847702303068,-0.007938234949459493,0.05610999308725945
-0.22378782722433307,-0.2344516004998558,-0.015997925548089684,0.05610999308725945
-0.2667303867434497,-0.23470039750976812,-0.020716559425025958,0.05610999308725945
-0.29648366307767604,-0.3562151189419342,-0.021853940047605293,0.05610999308725945
-0.39679417205063444,-0.376062334959938,-0.025581039713735078,0.05610999308725945
-0.28014332931810804,-0.28081831598351154,-0.020912215181797596,0.05610999308725945
-0.20276777743332436,-0.21269317108752564,-0.012332457503746718,0.05610999308725945
-0.19887814605256782,-0.21123431589303993,-0.014239577569769008,0.05610999308725945
-0.29750953732202445,-0.27283419375632595,-0.015765478602729577,0.05610999308725945
-0.2319474502164206,-0.235412861674517,-0.016687665242267356,0.05610999308725945
-0.2462310997103593,-0.19860221316249274,-0.01997066371362939,0.05610999308725945
-0.26670048107054845,-0.2838264980124512,-0.02156267570595831,0.05610999308725945
-0.27663733336014945,-0.29221774261949324,-0.022960544828243425,0.05610999308725945
-0.3316204018403326,-0.28530797111692896,-0.027085411044729512,0.05610999308725945
-0.19233774916369328,-0.2426732107819577,-0.01687887741552782,0.05610999308725945
-0.30202879695796525,-0.3900175854250188,-0.026115392246895776,0.05610999308725945
-0.20688843661740516,-0.18141260156855205,-0.015729072150919975,0.05610999308725945
-0.19819954610737073,-0.20755890551933548,-0.01343291887501418,0.05610999308725945
-0.27285814008310044,-0.2994102379969579,-0.020656306649931216,0.05610999308725945
-0.2968892550116778,-0.25485295531266433,-0.02005532371589422,0.05610999308725945
-0.2572799807444034,-0.30651226173445445,-0.016746989607403763,0.05610999308725945
-0.2847462043808109,-0.31455292873662005,-0.02181011754233054,0.05610999308725945
-0.3508461998434112,-0.316192727211042,-0.02757226329978146,0.05610999308725945
-0.36205877165060696,-0.34724711763009547,-0.02372457132065579,0.05610999308725945
-0.24066626603322883,-0.25261378222345365,-0.017899041119375785,0.05610999308725945
-0.3247972077507887,-0.3126304063872978,-0.025391074860979378,0.05610999308725945
-0.28314597969392563,-0.2899220247553025,-0.02007583454094753,0.05610999308725945
-0.18978382266882105,-0.20846362191901657,-0.014099954352198433,0.05610999308725945
-0.2887404481682672,-0.2512906344889201,-0.02205127024535688,0.05610999308725945
-0.3949096712201627,-0.4197035922895545,-0.03380901776746245,0.05610999308725945
-0.3954275523805875,-0.37355174695082305,-0.02625967463350145,0.05610999308725945
-0.2525145274053898,-0.3047141378900883,-0.016957323613884218,0.05610999308725945
-0.2519912494788326,-0.2818587398431448,-0.01956908290660645,0.05610999308725945
-0.2904557630010389,-0.25769150301666377,-0.023103117141282076,0.05610999308725945
-0.17239099291189874,-0.18906876410085327,-0.012749177871731632,0.05610999308725945
-0.20431284642311806,-0.22514433053813662,-0.014867539203642918,0.05610999308725945
-0.20745666979735924,-0.20842969505402853,-0.018308201406777934,0.05610999308725945
-0.25191202722055206,-0.30180773645611275,-0.017964011234447085,0.05610999308725945
-0.25975402940451353,-0.23048215729625507,-0.020414958839542877,0.05610999308725945
-0.283770115151419,-0.2958252992632216,-0.022164549783990493,0.05610999308725945
-0.31030463158341287,-0.2851722636569768,-0.025418656296250227,0.05610999308725945
-0.2750125263039734,-0.2749942041605645,-0.017709611361506096,0.05610999308725945
-0.2205193146609435,-0.2894244307354779,-0.01624144114579477,0.05610999308725945
-0.12886747514646554,-0.14310917099705403,-0.01008666199212967,0.05610999308725945
-0.318358734624365,-0.3776795155243679,-0.023427222250316713,0.05610999308725945
-0.17684713796891918,-0.1763009539103539,-0.014187672308326436,0.05610999308725945
-0.26850701034930347,-0.28213015476304915,-0.02176218474618909,0.05610999308725945
-0.34827788470439064,-0.360229797965519,-0.02431053485722984,0.05610999308725945
-0.2591245250223998,-0.3763224409248463,-0.015483219701228212,0.05610999308725945
-0.2623194559345841,-0.2651554133140327,-0.019129196594782794,0.05610999308725945
-0.3987461161215738,-0.39873678972694526,-0.027202000345208824,0.05610999308725945
-0.10454636168055159,-0.13150618317114407,-0.007059782123086127,0.05610999308725945
-0.3296440086944973,-0.33445668952960406,-0.022648870603968453,0.05610999308725945
-0.18830038330346466,-0.18324465227790626,-0.014621374823527135,0.05610999308725945
-0.25109573993913603,-0.28141769059830024,-0.019414779213622193,0.05610999308725945
-0.24211609965259573,-0.2715562818417764,-0.022489560123086647,0.05610999308725945
-0.2029901226860394,-0.2433291301717265,-0.016711898472363325,0.05610999308725945
-0.35150564628034414,-0.30386596626538726,-0.02615360021151525,0.05610999308725945
-0.11007421626699936,-0.12123765203476373,-0.008681750380389855,0.05610999308725945
-0.2782206564845678,-0.26957721471747403,-0.02153534489964459,0.05610999308725945
-0.19200130868569495,-0.2052292607901567,-0.015332634407792539,0.05610999308725945
-0.10398434160093348,-0.20285438024099384,-0.00747144961569516,0.05610999308725945
-0.26726221649290777,-0.2807730801635275,-0.021621782796860566,0.05610999308725945
-0.24223027591432017,-0.2705837117121192,-0.02005546587476064,0.05610999308725945
-0.42224991610589324,-0.4313405069804525,-0.03344974152391518,0.05610999308725945
-0.2457900074772921,-0.28092009657847566,-0.01761989471176568,0.05610999308725945
-0.27456280997218724,-0.28580556513675354,-0.02030305780069491,0.05610999308725945
-0.1522625668770561,-0.0900136272907702,-0.01143016904942248,0.05610999308725945
-0.31437651928974164,-0.2980757813074283,-0.026071653448883667,0.05610999308725945
-0.2913707837675561,-0.32147400919418045,-0.02181207163792957,0.05610999308725945
-0.2406404464858885,-0.23620448852423792,-0.019547753110110973,0.05610999308725945
-0.2891625452830726,-0.3172105331606833,-0.023044759726456594,0.05610999308725945
-0.16745935256901384,-0.12031031772509061,-0.013207937992154594,0.05610999308725945
-0.21578274989196072,-0.2384210437034566,-0.016528385641290486,0.05610999308725945
-0.22810880546258008,-0.280388575693663,-0.016747939112561346,0.05610999308725945
-0.23376900133081244,-0.22071122017969927,-0.01804800263135571,0.05610999308725945
-0.34313043887388545,-0.2647143640691882,-0.025430741398540815,0.05610999308725945
-0.34407652755147006,-0.29927453053700576,-0.023518353889900052,0.05610999308725945
-0.08537716040220758,-0.10473788669557989,-0.006346643917877884,0.05610999308725945
-0.2668676151389002,-0.22350453206371465,-0.018509250319530685,0.05610999308725945
-0.20075801498106427,-0.22190996940927674,-0.014021061868882044,0.05610999308725945
-0.24532410223350384,-0.29797400071246416,-0.01842114925567821,0.05610999308725945
-0.21299113735941305,-0.24770569575518375,-0.017131595618442096,0.05610999308725945
-0.2633276981126146,-0.2431481868917903,-0.02116177285342684,0.05610999308725945
-0.06811964070527615,-0.016460183996697787,-0.004851756706844605,0.05610999308725945
-0.3769848728703415,-0.3804954453183753,-0.025202403166207404,0.05610999308725945
-0.20070204613215903,-0.20553460257504905,-0.017672329139388012,0.05610999308725945
-0.31831692317085053,-0.27395378030093126,-0.021331476325483677,0.05610999308725945
-0.21568173647558553,-0.225460981278025,-0.017640193203753447,0.05610999308725945
-0.2269435300830491,-0.2764078235350662,-0.016637662946507023,0.05610999308725945
-0.15262764949381927,-0.18133343888357997,-0.012838387380375668,0.05610999308725945
-0.2693579883905929,-0.22849178121695662,-0.01934199765860428,0.05610999308725945
-0.3524549923936365,-0.3749201305053407,-0.02821631498383986,0.05610999308725945
-0.33318473238871654,-0.3410271923822879,-0.024240592738343086,0.05610999308725945
-0.2324903914339029,-0.2511323091189759,-0.01805803571645376,0.05610999308725945
-0.4129591452187589,-0.38598028849144195,-0.031324170766061185,0.05610999308725945
-0.2059891307193446,-0.2302107423763507,-0.014235083545014389,0.05610999308725945
-0.34001174362448233,-0.32620115238251407,-0.028167692852122346,0.05610999308725945
-0.30305952176448425,-0.29134695308480024,-0.02546081604296149,0.05610999308725945
-0.2888227602245235,-0.3405069804524713,-0.023550585390846087,0.05610999308725945
-0.28149153710485386,-0.27948385929398195,-0.02210739542633177,0.05610999308725945
-0.22983889166781943,-0.23492657660968835,-0.015345764663095363,0.05610999308725945
-0.3001383699308027,-0.31732362271064346,-0.025009990532681707,0.05610999308725945
-0.26800795481253664,-0.2624751909799775,-0.021423860451743625,0.05610999308725945
-0.3174031550079645,-0.34184143714200094,-0.024253997377078118,0.05610999308725945
-0.2098084666418506,-0.22550621709800905,-0.016575723496095072,0.05610999308725945
-0.35782089833359554,-0.3790139722138976,-0.028699003017473752,0.05610999308725945
-0.06851255308404333,-0.041633917817824044,-0.005486493576227293,0.05610999308725945
-0.26542428463643375,-0.24367970777660292,-0.019318388839401904,0.05610999308725945
-0.13729258595080773,-0.1415937710275882,-0.011703761712778187,0.05610999308725945
-0.24803463863458058,-0.28536451589190903,-0.01781533846388704,0.05610999308725945
-0.28505736742763865,-0.26731542371827133,-0.020653712302364485,0.05610999308725945
-0.19289712120182645,-0.15367173496333073,-0.015022189858404134,0.05610999308725945
-0.1403435512305253,-0.2390882720482214,-0.011080767809120429,0.05610999308725945
-0.27025729102687057,-0.27683756382491476,-0.018769850931742885,0.05610999308725945
-0.38352521562715264,-0.39497090771327276,-0.02602780211127009,0.05610999308725945
-0.25686320988128897,-0.27148842811180035,-0.02001854014390745,0.05610999308725945
-0.3525616866836777,-0.38516604373172897,-0.027844428462735375,0.05610999308725945
-0.2895752810531939,-0.315299319766357,-0.01949870962324333,0.05610999308725945
-0.3093812459807575,-0.3334501925349588,-0.02317157138789566,0.05610999308725945
-0.32835135977398694,-0.33390255073479935,-0.021020761887317087,0.05610999308725945
-0.2773176962970199,-0.26120858802042396,-0.017674359126576805,0.05610999308725945
-0.267023598532194,-0.205478057800069,-0.020278533121312132,0.05610999308725945
-0.175505200560612,-0.18429638509253554,-0.013114339367092557,0.05610999308725945
-0.1458898327051768,-0.2012711265415519,-0.010097607502059762,0.05610999308725945
-0.3147119607741011,-0.33460370594455224,-0.02404149470485038,0.05610999308725945
-0.10913830257326182,-0.2423339421320773,-0.007623502226271213,0.05610999308725945
-0.2724243788508013,-0.33622088650898213,-0.02468768700168869,0.05610999308725945
-0.22544140150490183,-0.22198913209424884,-0.018227903577701203,0.05610999308725945
-0.30039456300090095,-0.28065999061356733,-0.024741667459128865,0.05610999308725945
-0.17369234245026285,-0.2207451470446873,-0.014049426089676235,0.05610999308725945
-0.3164549393465255,-0.3379285387133802,-0.02417476180919177,0.05610999308725945
-0.32281006755169106,-0.34624062063545014,-0.02343034540826832,0.05610999308725945
-0.18912959810612867,-0.12978722201175,-0.013331122800889047,0.05610999308725945
-0.2908297435224134,-0.2953842500183771,-0.023531983366981632,0.05610999308725945
-0.28119014350758914,-0.2734109504611227,-0.019932461194095523,0.05610999308725945
-0.36659082789859326,-0.31140903924772834,-0.023360469189111138,0.05610999308725945
-0.34580947024881564,-0.3192235271499737,-0.02736546668626867,0.05610999308725945
-0.2807237580797419,-0.2972728455027113,-0.019654777751376376,0.05610999308725945
-0.28053842491699266,-0.2829217816127701,-0.018181863898021476,0.05610999308725945
-0.2716733954693079,-0.24685752413048273,-0.020743990697439537,0.05610999308725945
-0.2988091847403828,-0.25443452397781186,-0.02040735223494604,0.05610999308725945
-0.20245360758060235,-0.1518962290289566,-0.014287499334306928,0.05610999308725945
-0.2649698688807638,-0.3159552391561257,-0.018853414047157447,0.05610999308725945
-0.25758541123766143,-0.2599872208808545,-0.019144690334584106,0.05610999308725945
-0.3904221073227591,-0.42480393099275665,-0.02804796578442649,0.05610999308725945
-0.2418280541044043,-0.27123963110188803,-0.019338062444248006,0.05610999308725945
-0.23152882807396064,-0.23337724977523455,-0.017553591415502487,0.05610999308725945
-0.1795501089099477,-0.17280648681658572,-0.014307470727425164,0.05610999308725945
-0.2475009026505399,-0.22825429316204038,-0.017985059856702578,0.05610999308725945
-0.2889962115082459,-0.3186806973101651,-0.0199733576515529,0.05610999308725945
-0.17661326272619435,-0.1816048538034843,-0.014346701982483147,0.05610999308725945
-0.3612430416162482,-0.35472233688246035,-0.023635324154107233,0.05610999308725945
-0.27555299410338036,-0.25228582252856924,-0.01932918481128524,0.05610999308725945
-0.26262252394608404,-0.28188135775313683,-0.01671172281463983,0.05610999308725945
-0.30145177409391855,-0.2798457458538544,-0.024408762591415705,0.05610999308725945
-0.22059261608197134,-0.28296701743275415,-0.01712310708063509,0.05610999308725945
-0.08357185111313759,-0.07583219772576916,-0.006147984233891071,0.05610999308725945
-0.3297521706436308,-0.3156046615512494,-0.024841720279339386,0.05610999308725945
-0.20903104607107167,-0.14676196346076642,-0.017112178775793494,0.05610999308725945
-0.25623337497517384,-0.24141791677740018,-0.02389976884995964,0.05610999308725945
-0.2381723050099604,-0.2421982346721251,-0.01840246643327739,0.05610999308725945
-0.3614830864594553,-0.38057460800334747,-0.025314499864881743,0.05610999308725945
-0.32633808806681874,-0.31758372867555174,-0.02420901819863582,0.05610999308725945
-0.30315076005153074,-0.31602309288610186,-0.02175283308760583,0.05610999308725945
-0.3110691285873687,-0.3096561512233462,-0.02729715810879624,0.05610999308725945
-0.32159292507110737,-0.27079858185704353,-0.024625015057168943,0.05610999308725945
-0.20086814336562508,-0.20805649953916008,-0.014246464106810935,0.05610999308725945
-0.211732995051321,-0.21379013972213898,-0.014834972531074315,0.05610999308725945
-0.28076853127848883,-0.28217539058303315,-0.023071890886423526,0.05610999308725945
-0.3972608546739949,-0.3675693097579318,-0.02614967222733274,0.05610999308725945
-0.14882551781794054,-0.19286857297951385,-0.01381743031647331,0.05610999308725945
-0.2819854003854233,-0.30486115430503646,-0.023178903242706477,0.05610999308725945
-0.23790530452556052,-0.2655738446488852,-0.018576571356635284,0.05610999308725945
-0.2575719689292448,-0.2663654714986062,-0.02243624764073453,0.05610999308725945
-0.3155311045110137,-0.3383243521382407,-0.022102398994540605,0.05610999308725945
-0.09759229649694645,-0.11061854329350695,-0.007203087278565196,0.05610999308725945
-0.37410816115697815,-0.343594325166383,-0.029708345689021406,0.05610999308725945
-0.20773838683275964,-0.22590203052286953,-0.013798298457044077,0.05610999308725945
-0.2603497326395747,-0.2960175514981538,-0.01977880693059556,0.05610999308725945
-0.37579033200985595,-0.36915256345737374,-0.029420757185736682,0.05610999308725945
-0.11753094123089497,-0.12581777880814923,-0.008419889946265562,0.05610999308725945
-0.40823606560359277,-0.4167180281706069,-0.02816248888092907,0.05610999308725945
-0.3242259556169979,-0.3131506183171144,-0.02527425292400099,0.05610999308725945
-0.13903993185452512,-0.16183680047045254,-0.011241880558843993,0.05610999308725945
-0.26557623099237165,-0.2681862132529644,-0.020422535421022715,0.05610999308725945
-0.23827088627854304,-0.21930890976019363,-0.019733978250042847,0.05610999308725945
-0.2022717979984636,-0.18906876410085327,-0.015135687144248873,0.05610999308725945
-0.27334406640512915,-0.28628054124658614,-0.01951911742320508,0.05610999308725945
-0.24976042742525553,-0.2643977133292998,-0.01727311400308001,0.05610999308725945
-0.26335437791270094,-0.2818700487981408,-0.020445863519887038,0.05610999308725945
-0.25091987360209694,-0.30180773645611275,-0.01971475580581001,0.05610999308725945
-0.3386130785586645,-0.3729071365160503,-0.025141685391963303,0.05610999308725945
-0.2215175939007916,-0.27821725633442845,-0.01665887295788116,0.05610999308725945
-0.3171476272801353,-0.30777886469400795,-0.02728429245556531,0.05610999308725945
-0.33231584755965443,-0.3310187672108159,-0.025411220370892766,0.05610999308725945
-0.2540766552284752,-0.2714545012468123,-0.019381521029718903,0.05610999308725945
-0.15042358052488305,-0.13212817569592483,-0.011724592555858823,0.05610999308725945
-0.4121114621251116,-0.42477000412776855,-0.029564464817019215,0.05610999308725945
-0.15782511130517546,-0.1640307377396792,-0.010845845311190217,0.05610999308725945
-0.2245573722881014,-0.28841793374083274,-0.01584724710399946,0.05610999308725945
-0.1952742398621942,-0.21238782930263328,-0.013067911099425218,0.05610999308725945
-0.21488115042330097,-0.2195690157251019,-0.016373676622215116,0.05610999308725945
-0.1791831311744608,-0.18032694188893472,-0.014118966220298231,0.05610999308725945
-0.36650993329122156,-0.36500217697383674,-0.029101121199253795,0.05610999308725945
-0.21941602308727062,-0.2545136866627839,-0.013636104747818803,0.05610999308725945
-0.18725192129739507,-0.20484475632029223,-0.012637282089881937,0.05610999308725945
-0.2469590993301901,-0.20465250408535998,-0.018329304944425164,0.05610999308725945
-0.1815284118721654,-0.19810461914266814,-0.01491277330172655,0.05610999308725945
-0.20864203699627745,-0.16211952434535287,-0.017835915594583175,0.05610999308725945
-0.20554850784989087,-0.14254372324725334,-0.017271746192829132,0.05610999308725945
-0.31898311345624064,-0.3180473958303883,-0.025249731615730964,0.05610999308725945
-0.3050653583678059,-0.32695885236724703,-0.022152779815104006,0.05610999308725945
-0.16104954406410119,-0.18811881188118812,-0.011324791605212695,0.05610999308725945
-0.18355202044849775,-0.20327281157584634,-0.015325404722730585,0.05610999308725945
-0.21143740391611018,-0.25062340614415524,-0.014739997166888548,0.05610999308725945
-0.12844916033376302,-0.1321847204709049,-0.009452745767031086,0.05610999308725945
-0.2664123677347267,-0.2686272624978089,-0.020603402874603577,0.05610999308725945
-0.16393990973759145,-0.1936601998292348,-0.012539316459051451,0.05610999308725945
-0.23025671715713797,-0.2730942997212343,-0.01428303952143956,0.05610999308725945
-0.411095190124604,-0.4073655223889037,-0.02767870994879915,0.05610999308725945
-0.28539184290170433,-0.3355875850292054,-0.020929510970838762,0.05610999308725945
-0.25006995549624056,-0.24194943766221283,-0.02150484004665165,0.05610999308725945
-0.29285683385571093,-0.3286551956166491,-0.021272052544690636,0.05610999308725945
-0.2647478636695552,-0.23523191839458074,-0.02334787133706616,0.05610999308725945
-0.2181054756496206,-0.18354999406279862,-0.01550154168823918,0.05610999308725945
-0.24384566669915686,-0.28160994283323254,-0.01827442821035568,0.05610999308725945
-0.23035216513727946,-0.2303012140163188,-0.01639800537240516,0.05610999308725945
-0.19560012495289156,-0.23237075278058933,-0.013665152838045405,0.05610999308725945
-0.39800719271444285,-0.34774471164992005,-0.02879576498677588,0.05610999308725945
-0.19662803725203587,-0.24062628992767923,-0.0144141053825826,0.05610999308725945
-0.2821527620956335,-0.24381541523655506,-0.022433850464907864,0.05610999308725945
-0.41976962213545826,-0.4346427218392884,-0.030326920310375857,0.05610999308725945
-0.29745077474936804,-0.27154497288678037,-0.02093313896142602,0.05610999308725945
-0.16200813241317194,-0.15163612306404828,-0.01255324020826132,0.05610999308725945
-0.2797010006188795,-0.3103459974781031,-0.020244970730573665,0.05610999308725945
-0.2619269293347168,-0.25319053892825033,-0.021001326715742574,0.05610999308725945
-0.31607580412721875,-0.3101311273331787,-0.021507498552759054,0.05610999308725945
-0.2591321561034226,-0.27509598475552866,-0.018630205599659104,0.05610999308725945
-0.2546955728678749,-0.27753871903466765,-0.020099533336343064,0.05610999308725945
-0.2758964150520159,-0.3196645763948182,-0.022909799891739278,0.05610999308725945
-0.34445602295321287,-0.3452001967758169,-0.022428043452660574,0.05610999308725945
-0.25897202245399936,-0.24296724361185407,-0.018036266408524706,0.05610999308725945
-0.2937996124194085,-0.3085818004987249,-0.021954967842396284,0.05610999308725945
-0.3955659612761597,-0.4468903200999712,-0.02552463301835518,0.05610999308725945
-0.3357283608221987,-0.3176402734505318,-0.025930388087018523,0.05610999308725945
-0.3158897276470524,-0.33225144330538137,-0.022280069709502404,0.05610999308725945
-0.3098868912479902,-0.308649654228701,-0.02191092160518673,0.05610999308725945
0.045372929802479645,0.04176962527777621,0.003630613466069981,0.05610999308725945
-0.10032758987776741,-0.14902375445996915,-0.006918687924025992,0.05610999308725945
-0.44505494506424725,-0.4531102453477786,-0.03543388129374014,0.05610999308725945
-0.22674469936571137,-0.23553726017947313,-0.015980274844022795,0.05610999308725945
-0.2308406081986732,-0.25313399415327026,-0.018012638120584824,0.05610999308725945
-0.2019031906866173,-0.15252953050873336,-0.014577535443034556,0.05610999308725945
-0.3521026249183802,-0.32660827476237064,-0.02309963541736711,0.05610999308725945
-0.29407487692130607,-0.24822590768500039,-0.02035236095434143,0.05610999308725945
-0.23510671976322492,-0.21869822619040888,-0.0176735254047055,0.05610999308725945
-0.2618441446326068,-0.26651248791355436,-0.018990826976090513,0.05610999308725945
-0.1950459206116126,-0.210476615908307,-0.013778264680902055,0.05610999308725945
-0.11166530877043981,-0.09740968385816309,-0.00839397791047939,0.05610999308725945
-0.38829034570070836,-0.41490859537124475,-0.030358261931131718,0.05610999308725945
-0.29848890304764186,-0.28723049346625124,-0.02057521563327647,0.05610999308725945
-0.24603536207399448,-0.22334620669377048,-0.02191470499120447,0.05610999308725945
-0.29368839944255987,-0.36976324702715846,-0.019273554536745084,0.05610999308725945
-0.3209225838972756,-0.26650117895855835,-0.0223148550299274,0.05610999308725945
-0.3339988055081767,-0.3447817654409644,-0.024036574718976866,0.05610999308725945
-0.2931177743716709,-0.29130171726481613,-0.02273848574203705,0.05610999308725945
-0.24243161949914718,-0.22174033508433652,-0.015626964296129985,0.05610999308725945
-0.18171888931920327,-0.19027882228542675,-0.011498875133885528,0.05610999308725945
-0.2503520077443843,-0.28642755766153427,-0.015619358615373648,0.05610999308725945
-0.26746230159155115,-0.32726419415213936,-0.01831085372983008,0.05610999308725945
-0.3031103470575467,-0.3234304584084908,-0.022640832478441463,0.05610999308725945
-0.08313115350772025,-0.0942544854142753,-0.006439387540751674,0.05610999308725945
-0.3118237367135596,-0.3140327168068035,-0.026142085973151704,0.05610999308725945
-0.33366377220914906,-0.30396774686035133,-0.023764010271616336,0.05610999308725945
-0.19266330584365546,-0.22166117239936445,-0.015342184254120438,0.05610999308725945
-0.31883716720998617,-0.32421077630321576,-0.026437214965898178,0.05610999308725945
-0.32474564850938037,-0.3430967311465584,-0.024149888076174002,0.05610999308725945
-0.23288783402904495,-0.2176238754657876,-0.018075779392919027,0.05610999308725945
-0.3143747776944738,-0.29920667680702967,-0.021922415995891596,0.05610999308725945
-0.3003694085693509,-0.27153366393178435,-0.023084873618900322,0.05610999308725945
-0.5072850766303358,-0.46849042414235714,-0.03961234581382065,0.05610999308725945
-0.26062559736561636,-0.24854255842488876,-0.018731720903158798,0.05610999308725945
-0.3144622816649807,-0.30024710066666294,-0.02557912127979078,0.05610999308725945
-0.30661314093789727,-0.2755031071353852,-0.023711387098003977,0.05610999308725945
-0.2727927460149173,-0.2758197578752735,-0.020088967555831828,0.05610999308725945
-0.30782796441469296,-0.3237358001933831,-0.02204061633958345,0.05610999308725945
-0.2547883020324389,-0.21633465459624202,-0.01591371342087306,0.05610999308725945
-0.23466703894132673,-0.13830286512374823,-0.020316392444013776,0.05610999308725945
-0.18952708636511842,-0.24577186445086543,-0.015629995246992514,0.05610999308725945
-0.19718429903356688,-0.23923528846316958,-0.016540719443549512,0.05610999308725945
-0.23746904650735723,-0.2555880373874052,-0.01842507447388074,0.05610999308725945
-0.2735502732737353,-0.2494020390045858,-0.02249238489278032,0.05610999308725945
-0.26146807364750774,-0.24456180626629195,-0.022056907591817075,0.05610999308725945
-0.24295664464250788,-0.23059524684621518,-0.020327454674740657,0.05610999308725945
-0.4087137700266321,-0.4387817993678294,-0.03279181661242631,0.05610999308725945
-0.23821152400023549,-0.21877738887538098,-0.018867641420407477,0.05610999308725945
-0.320046200819423,-0.29925191262701367,-0.025700805744405867,0.05610999308725945
-0.43056981947264883,-0.46587805553827805,-0.03151723644673901,0.05610999308725945
-0.39041836176938555,-0.38783495711078825,-0.026759018580147575,0.05610999308725945
-0.24329009427583928,-0.2118902352828087,-0.020194039922167825,0.05610999308725945
-0.20864674559038057,-0.24211907198715305,-0.016997311545422413,0.05610999308725945
-0.24354565259052297,-0.20683513239959064,-0.01600035323916805,0.05610999308725945
-0.14027248711587254,-0.17359811366630667,-0.010706164934204093,0.05610999308725945
-0.31027793550907434,-0.34158133117709255,-0.020133737862428315,0.05610999308725945
-0.21668361357285126,-0.2479997285850801,-0.015420375844030314,0.05610999308725945
-0.24792358098400633,-0.26386619244448717,-0.01821067502424371,0.05610999308725945
-0.20050779735086405,-0.2744626832757519,-0.015514639619742202,0.05610999308725945
-0.2149281597613112,-0.2505781703241712,-0.01665288350548566,0.05610999308725945
-0.2153545102847712,-0.23744847357379945,-0.01635689879604416,0.05610999308725945
-0.24857470666369125,-0.2508382762890795,-0.01898359145635448,0.05610999308725945
-0.3075960916407904,-0.3225822867837897,-0.027036760575337087,0.05610999308725945
-0.23173184424163437,-0.21130216962301598,-0.01646959330471171,0.05610999308725945
-0.030947851490356476,-0.1067395717298743,-0.002520210099975048,0.05610999308725945
-0.35062062260748894,-0.41409435061153177,-0.025756329348652716,0.05610999308725945
-0.22011515304487647,-0.23389746170505113,-0.015764598931801724,0.05610999308725945
-0.35087688891152674,-0.35512945926231687,-0.026969460274629847,0.05610999308725945
-0.13774690360832406,-0.18231731796823317,-0.01087206082735268,0.05610999308725945
-0.3086682307383248,-0.3013893051212603,-0.021970308968430968,0.05610999308725945
-0.25813167487549776,-0.24203990930218094,-0.018970362991110195,0.05610999308725945
-0.36950977112994626,-0.3791383707188537,-0.03251752274663387,0.05610999308725945
-0.2589340613320607,-0.2591616671661455,-0.01959315868491766,0.05610999308725945
-0.14722291050550657,-0.15959762738124184,-0.010260504635260735,0.05610999308725945
-0.09135596851487904,-0.09373427348445866,-0.007059702055874033,0.05610999308725945
-0.09238984964898614,-0.08183725282865237,-0.0065028200426925226,0.05610999308725945
-0.2167084042382032,-0.21168667409288044,-0.01604824092066294,0.05610999308725945
-0.26052496619420445,-0.2832384323526585,-0.020180375150977394,0.05610999308725945
-0.3415072833278266,-0.34941843698933,-0.025257704511232278,0.05610999308725945
-0.3331380630901226,-0.3424860475767737,-0.02483974093563676,0.05610999308725945
-0.3027885481016175,-0.3160344018410979,-0.024782370062486753,0.05610999308725945
-0.35244899922853923,-0.32084070771440365,-0.02622987302348102,0.05610999308725945
-0.31442515160196643,-0.38266676467760996,-0.0223412456559632,0.05610999308725945
-0.2757034402729141,-0.252059643428649,-0.022473740431209265,0.05610999308725945
-0.2522584056210922,-0.2498317792944343,-0.01930048077428458,0.05610999308725945
-0.255394327129186,-0.20058128028679512,-0.02163832944470831,0.05610999308725945
-0.3001571638134264,-0.30116312602134,-0.022853103465551746,0.05610999308725945
-0.3917762476242912,-0.39260733611910587,-0.0288210423738542,0.05610999308725945
-0.4133824793604087,-0.3992343837467699,-0.028138069520085077,0.05610999308725945
-0.30362457630711137,-0.3338686238698113,-0.025867346944275983,0.05610999308725945
-0.20776752495825426,-0.22839000062199252,-0.01638761170939823,0.05610999308725945
-0.2889387760063082,-0.3367976432137788,-0.020134745812386317,0.05610999308725945
-0.3897431494556559,-0.3864213377362865,-0.02678174196859069,0.05610999308725945
-0.1907880128019424,-0.21029567262837076,-0.015663975794244816,0.05610999308725945
-0.19673990204238387,-0.21419726210199547,-0.013977940965020062,0.05610999308725945
-0.28689535588572573,-0.2871965666012632,-0.02131823123936748,0.05610999308725945
-0.1909402330264119,-0.19567319381852522,-0.016122422114552223,0.05610999308725945
-0.258845932360033,-0.30817467811886845,-0.019284319384446053,0.05610999308725945
-0.19581817480573682,-0.17071433014232318,-0.015755097011068635,0.05610999308725945
-0.2317881437248503,-0.21583706057641744,-0.018135077609035363,0.05610999308725945
-0.36328546780106474,-0.2831931965326744,-0.027566316135147442,0.05610999308725945
-0.27288253043823374,-0.29417419183380367,-0.020079028118916976,0.05610999308725945
-0.22078453614804766,-0.2518108464187367,-0.015258188491559804,0.05610999308725945
-0.14706251634141582,-0.20271867278104166,-0.012505334090256141,0.05610999308725945
-0.39484937560279354,-0.3651718112987769,-0.029750907792264244,0.05610999308725945
-0.21924604015042243,-0.20426799961549555,-0.014764890929466867,0.05610999308725945
-0.3022413910387927,-0.2846068159071761,-0.021486705816279327,0.05610999308725945
-0.3592950248595005,-0.3705661828318754,-0.028740636393892103,0.05610999308725945
-0.1315938996328983,-0.13895878451351704,-0.009923144884519057,0.05610999308725945
-0.21793150735652445,-0.20683513239959064,-0.01632566677407573,0.05610999308725945
-0.35655675597226255,-0.3579001532363402,-0.03128915844322869,0.05610999308725945
-0.22123468708063382,-0.18436423882251157,-0.01582746928867842,0.05610999308725945
-0.18696906665355742,-0.15243905886876521,-0.013470301647073754,0.05610999308725945
-0.31714267497361315,-0.29755556937761163,-0.022189975361029627,0.05610999308725945
-0.2762245085994922,-0.2647143640691882,-0.021943444411477286,0.05610999308725945
-0.23522940511914736,-0.2758989205602457,-0.019210368144669178,0.05610999308725945
-0.39627193213345707,-0.4261723145472743,-0.027481961158917382,0.05610999308725945
-0.32857121392401206,-0.2834533024975827,-0.024529201236664456,0.05610999308725945
-0.2374175257649054,-0.2824354965479415,-0.019659814913038386,0.05610999308725945
-0.23357144883965172,-0.27026706097223085,-0.019963375073721427,0.05610999308725945
-0.21438999604491885,-0.25228582252856924,-0.01795430064165967,0.05610999308725945
-0.24606534808018232,-0.3099614930082386,-0.019820340388075088,0.05610999308725945
-0.2769871355365873,-0.3084234751287807,-0.020140153848885206,0.05610999308725945
-0.23167037952352978,-0.18388926271267902,-0.015637466824889527,0.05610999308725945
-0.1882993753234128,-0.20753628760934345,-0.013925271604825857,0.05610999308725945
-0.20528724274195864,-0.22574370515292536,-0.015806430280600976,0.05610999308725945
-0.4060229015890269,-0.3870885660810513,-0.02839565478791771,0.05610999308725945
-0.25802149981255057,-0.26552860882890117,-0.018425904253057356,0.05610999308725945
-0.27067673918625385,-0.30478199162006436,-0.01840941230887045,0.05610999308725945
-0.2142161439797879,-0.24994486884439443,-0.01614830158343096,0.05610999308725945
-0.3632144044859112,-0.38438572583700403,-0.02661659979849697,0.05610999308725945
-0.32217367123446644,-0.2820736099880691,-0.026219656584467493,0.05610999308725945
-0.3306226605431113,-0.31416842426675556,-0.02582024116023216,0.05610999308725945
-0.33164501207798497,-0.3204448942895432,-0.02484700049761749,0.05610999308725945
-0.06289593006139929,-0.13184545182102447,-0.004541622293233771,0.05610999308725945
-0.2624142563245128,-0.2967526335728947,-0.020306493209462415,0.05610999308725945
-0.23016170074733086,-0.2079207920792079,-0.017677683672491798,0.05610999308725945
-0.2946244648762952,-0.35318431900300257,-0.022826915329688,0.05610999308725945
-0.32015452576000203,-0.3151523033514088,-0.023264783704884606,0.05610999308725945
-0.24185935530942773,-0.28297832638775017,-0.01801730305754114,0.05610999308725945
-0.2816734163894444,-0.23963110188803005,-0.018122003425510153,0.05610999308725945
-0.19333429779709266,-0.19022227751044665,-0.016800879956770973,0.05610999308725945
