,slope,intercept
0,-0.013604711762247534,0.03783243735765893
1,-0.019956942107085276,0.07212985719050474
2,-0.014296733098383588,0.049042496135850135
3,-0.020352235985784124,0.0721262929975613
4,-0.01816628252138588,0.0625397217228993
5,-0.020615221676524787,0.07060816260711693
6,-0.011896350772938298,0.030217612462581808
7,-0.01765496562996917,0.05825138460504945
8,-0.01856000009382181,0.06286813794202482
9,-0.02330748264867358,0.0875138894374626
10,-0.015394025223382218,0.05311742435850128
11,-0.024575138134970666,0.09736932163131408
12,-0.01871589015137601,0.06482685884322939
13,-0.018696269857079492,0.07162142519648212
14,-0.016344141870098566,0.050884951116499995
15,-0.01769686483000166,0.06197534704085737
16,-0.023443383623583464,0.08844275430836024
17,-0.01981687622557365,0.07125676195464385
18,-0.008891823238456206,0.013864538045659952
19,-0.0164778904179997,0.05212185151177087
20,-0.018877519262857516,0.06870240744093209
21,-0.01894171469616857,0.06700156195762175
22,-0.014081244529794031,0.043700267247563374
23,-0.01788576485521096,0.058952011209723154
24,-0.00864566931133139,0.012936551235250286
25,-0.02736708588022325,0.10303489659667181
26,-0.015878884933412486,0.05096896106623865
27,-0.0075604761583614585,0.007898511088456085
28,-0.017695467434575927,0.05602085545285639
29,-0.022410768481979693,0.09068635729942227
30,-0.015930546996233842,0.05220321311463398
31,-0.02624186250215363,0.101944067475853
32,-0.014818257283241095,0.04188036693394431
33,-0.022278955719647543,0.08747013793134734
34,-0.023408546153093967,0.08834095393082715
35,-0.01930135142663035,0.06925329794552564
36,-0.015453072519431888,0.04328472068614667
37,-0.027307112523780368,0.10852035671268748
38,-0.010467391609374687,0.021301679708925356
39,-0.018765467310811704,0.05909899289483178
40,-0.01768498814906491,0.06152221170881322
41,-0.023827124284891952,0.08764467746641504
42,-0.015732288700439537,0.04967311051588318
43,-0.024517152534084524,0.09322109494531183
44,-0.01774196312633523,0.06564702686870531
45,-0.021384074469534938,0.0790183669895793
46,-0.020868858979756853,0.08190609676047364
47,-0.017104482485967794,0.05560677538550345
48,-0.013150630616471105,0.03562284429922277
49,-0.007157307100630368,0.005173773026995319
50,-0.0212020410138971,0.08265309773199433
51,-0.016236570399110098,0.046523334099665574
52,-0.015710176475170597,0.046094514222511734
53,-0.020888132898187108,0.07763591435721276
54,-0.015271429958678712,0.04963085924073184
55,-0.013965989798119569,0.04081610541601647
56,-0.01778640963433345,0.056912934167945364
57,-0.013455881164161231,0.039857057156057224
58,-0.013269191351922,0.03669104770935161
59,-0.02131392474508552,0.0806624764047997
60,-0.016506556366746958,0.05510600909890939
61,-0.016410355612452077,0.05615827226869097
62,-0.012719493756432982,0.033108925475890005
63,-0.016234896627395714,0.053478148845283
64,-0.020058670117787086,0.07055803866527373
65,-0.01693685602453081,0.05803191199477798
66,-0.018480509391104207,0.05738002730827033
67,-0.018664842628921714,0.07083235178093708
68,-0.02179715071521732,0.07925058998260973
69,-0.01197798098290395,0.03219089484246572
70,-0.021703094307489075,0.09217936315214484
71,-0.021590094809137712,0.07478361368236651
72,-0.01938634881377207,0.07065650719697189
73,-0.020312919363357357,0.0791038079484421
74,-0.02406215146735147,0.09567543102022086
75,-0.01882160906639896,0.0614451328179631
76,-0.015201485187301291,0.040804541394899564
77,-0.01770134331084489,0.05999072599261417
78,-0.01597613356026179,0.05100399435005203
79,-0.020561547595671782,0.0701065531398967
80,-0.015571692694292854,0.046212069133468585
81,-0.02690847748961128,0.11519859116239184
82,-0.024354354213026945,0.09299057010608444
83,-0.008136278665699376,0.008880717100467611
84,-0.016531088851802853,0.05479596270140475
85,-0.020086937833999178,0.07775694228112147
86,-0.02168829791870617,0.07618295635623566
87,-0.014111236895455707,0.03915739860387259
88,-0.01633207661160871,0.058904270420800514
89,-0.015171903289441381,0.04267208158094422
90,-0.021230498484484748,0.08541561645160024
91,-0.014278345450119271,0.0427126658422545
92,-0.020498293583488078,0.0733256596719919
93,-0.015029271176272853,0.046480181303162324
94,-0.019148915397578955,0.06617661092848305
95,-0.026872790753877183,0.1008792930320488
96,-0.013101524940117844,0.03662556811947027
97,-0.01811260107035502,0.05844043804387844
98,-0.01939075528638863,0.06916008527712722
99,-0.008944452499972054,0.011762971074933841
100,-0.014853578358458488,0.039811145999427706
101,-0.016244633504889514,0.0553570455086342
102,-0.019298050755675398,0.07055409462874007
103,-0.015424818995659052,0.05017858738038057
104,-0.025993135758969808,0.10289163666937215
105,-0.02129938672061888,0.08085352934287565
106,-0.009634400688354916,0.020503654697803648
107,-0.01652195045921859,0.051673137017372875
108,-0.01936243637438853,0.06347628531362873
109,-0.02729571097679415,0.11643871754526602
110,-0.03314923116084229,0.14374178605488266
111,-0.016252938701138007,0.04949905333576008
112,-0.022032512741115937,0.08361117820538909
113,-0.022087961153983586,0.08539412846089843
114,-0.011998799587367694,0.027960673729831236
115,-0.014619715472522913,0.048725908068662956
116,-0.01619584093389404,0.0534154336787456
117,-0.02645124215000115,0.09798674515005683
118,-0.020580666690943522,0.07805221643467962
119,-0.014219096010012495,0.0368488001064915
120,-0.020452749810644887,0.0812024851385655
121,-0.027063030836347955,0.12237448236191072
122,-0.009935748182827336,0.021614588437723115
123,-0.016831103330312614,0.05771417339600239
124,-0.024107364597862592,0.09559686082610697
125,-0.015701791191173774,0.054770475744410574
126,-0.017411417045799623,0.06284463146810326
127,-0.022874838744543883,0.08303770575795529
128,-0.02232169407680472,0.07583839926621609
129,-0.018577553626512495,0.06666582517998662
130,-0.017831526846618276,0.0661818842174839
131,-0.014150767858730621,0.042325463045311235
132,-0.015913424830117453,0.05293475318833226
133,-0.02942453865122684,0.12976022482092153
134,-0.01960833571040828,0.06638062348669696
135,-0.013253103084686742,0.03716557651071783
136,-0.026200248441856467,0.10466993003180503
137,-0.022822996948325958,0.08770426708951928
138,-0.026648737462029608,0.10337283436291807
139,-0.017056188631768138,0.05371714713342418
140,-0.02020341311530121,0.07475400296704751
141,-0.01874951633239823,0.060061351952333655
142,-0.015597190668477798,0.04500646713612669
143,-0.009968698944201666,0.023001014704528523
144,-0.019537099490205927,0.06535294282205098
145,-0.01801245969062509,0.06507415725566928
146,-0.018187472736319796,0.06516962928514682
147,-0.013840369713943994,0.03896377073174308
148,-0.023205016426215058,0.09198827658893433
149,-0.013341292873688331,0.03586024882924086
150,-0.01839936885241863,0.06282246718787875
151,-0.019357964621287218,0.06858652777142714
152,-0.02230140044625827,0.07861180514325423
153,-0.026965101310185525,0.11196148564280349
154,-0.014182372002040613,0.04381847912272649
155,-0.01725435434794406,0.0564412490297544
156,-0.013025038390409903,0.03807602425163687
157,-0.017266236541091835,0.05493991471710747
158,-0.021765259930607603,0.07971523599922767
159,-0.025654954347822015,0.10331885035657118
160,-0.024132481985547884,0.09294117419976027
161,-0.00671521240805264,0.003394304031235506
162,-0.018677190429719163,0.05645482991921899
163,-0.024512171585685506,0.10043338463604357
164,-0.01597555971990828,0.04163816336374328
165,-0.017266603939580644,0.047811831723837864
166,-0.027155204025462672,0.1013507789215699
167,-0.015463726717575007,0.050017555319191276
168,-0.026231754995297788,0.10037442923016546
169,-0.028432285188768,0.11102335978487164
170,-0.015116439834785306,0.043680467192981
171,-0.023421320691623414,0.0907931790925163
172,-0.023178911706531323,0.080721514437939
173,-0.027755327281364272,0.1146413049716316
174,-0.01738373158420869,0.05773419928349089
175,-0.012619039732708462,0.03704319222858335
176,-0.017104905201357733,0.05281268775258522
177,-0.014661611865797794,0.04328533667925551
178,-0.021369141609439098,0.07492265728466038
179,-0.025655258438237474,0.10325648621413734
180,-0.024828664980259027,0.09731684540026683
181,-0.026727520836206574,0.10918830673611361
182,-0.018902844366213485,0.0704725502574508
183,-0.01980105976775188,0.06468973757159904
184,-0.009292473523531505,0.015269023002108488
185,-0.017638263737761912,0.06151967804669097
186,-0.018552299104030324,0.06305928760414073
187,-0.023018414372010895,0.08593328818415077
188,-0.01716633537963832,0.051135821225922105
189,-0.01661682512818777,0.05053650779945957
190,-0.01643022943877227,0.05918133702770638
191,-0.017479632547122124,0.05351033863820972
192,-0.020406311870863506,0.06765058889442498
193,-0.022847745258261592,0.09146352869879838
194,-0.015814518921197496,0.05000801673084607
195,-0.014141870520645994,0.046703348125580295
196,-0.024361600398883333,0.09615103197408027
197,-0.018994950461640812,0.06487856616754004
198,-0.017831765392580884,0.0590352498674379
199,-0.019276955754352485,0.070573591520408
200,-0.022156603694680817,0.07724379671558779
201,-0.01856252519364282,0.06044424213749177
202,-0.021467140777585422,0.08339858469141567
203,-0.028445130634777247,0.11290747609404475
204,-0.010307746498876494,0.02335096679349148
205,-0.021034287031249935,0.07192469120333418
206,-0.011796664296262646,0.030010785090009744
207,-0.01506751838286993,0.048071494958069796
208,-0.0172548051805405,0.05243257942797651
209,-0.018396420525354628,0.057935241362818066
210,-0.01778052732913803,0.06715081707219184
211,-0.024755173109915745,0.09752329669797379
212,-0.01640058127044337,0.04771694187554093
213,-0.02323689802694802,0.0843619971558746
214,-0.020888071643058646,0.07318476009424772
215,-0.019285070570164486,0.06768871168221122
216,-0.020556861973983872,0.07620630131761513
217,-0.01817356076172248,0.0656650145208688
218,-0.018752302608788993,0.062056822338925836
219,-0.016850624757113686,0.05682059667744081
220,-0.019970732059614162,0.07171056387202385
221,-0.013479607112473407,0.03881706496468297
222,-0.015470977252878153,0.04779408919982171
223,-0.013137790721933523,0.03416164728433479
224,-0.02908819040848178,0.11409448096101577
225,-0.010981249944585074,0.025700428325819247
226,-0.008077075871196087,0.013000755967581367
227,-0.025322908884527578,0.10782550599460194
228,-0.017067189858619318,0.05671333635909366
229,-0.021900753599278608,0.08715899572297246
230,-0.012975279098181264,0.03281808112608469
231,-0.01988651008466863,0.07493521654037004
232,-0.02627586524167149,0.10243155208868923
233,-0.015645891627406764,0.04802444577116734
234,-0.021922767732438394,0.08409798697183661
235,-0.02479109027716987,0.09600027950779927
236,-0.02254493140135885,0.08341892139489625
237,-0.011589625399860522,0.027930763696808178
238,-0.023334740263170378,0.09092979226352406
239,-0.019918343335872116,0.06599986191580257
240,-0.00964706204643342,0.018499136862373155
241,-0.02597630073294052,0.10238545131522614
242,-0.00920892485121999,0.016043485047117185
243,-0.02085154586832911,0.07573078995898959
244,-0.021410510358930837,0.08605531469497944
245,-0.020356353887628197,0.06980570565716547
246,-0.02098283594752312,0.07710799399519848
247,-0.01861326858292427,0.06259353349227016
248,-0.023204516857453342,0.08867664442768765
249,-0.009267351012296537,0.014845075309218504
250,-0.020280532346578707,0.06927678980065045
251,-0.025308946042308284,0.08770200290220888
252,-0.025181187765120912,0.0935464643491984
253,-0.0233074189549896,0.09493888147209636
254,-0.023274796917044392,0.08328058192756582
255,-0.02418704678817802,0.09217508791650934
256,-0.024224519325842186,0.09377668929810065
257,-0.023405232449779094,0.0872830131475093
258,-0.01305815663349424,0.0333914580446864
259,-0.022549152030304893,0.08154339135032634
260,-0.010603521503881344,0.020980245499863416
261,-0.009278644775459087,0.02136685522856663
262,-0.018724438907075508,0.06831085484736814
263,-0.02943836375755548,0.122834809213928
264,-0.01727910891627213,0.05506456845556421
265,-0.016917490346414824,0.056703013035876035
266,-0.01388397785200215,0.03872802941802915
267,-0.02146981158565986,0.07706303147589877
268,-0.028600907629979362,0.11630456875143456
269,-0.016728752964982257,0.05501992267108249
270,-0.016925240416260666,0.059271367148164646
271,-0.023678484862890252,0.0861253598641539
272,-0.014841432389438082,0.042635916183253623
273,-0.02485383269288714,0.09589694395989536
274,-0.017837486472008977,0.05222881214159232
275,-0.017385487117835496,0.058429270283584356
276,-0.016670872368282345,0.0563586931879015
277,-0.022260709139826924,0.0755446840821598
278,-0.01934218054135708,0.05906500375876404
279,-0.013203019296445505,0.03926854177788516
280,-0.015536133761397244,0.04663551261427983
281,-0.022880615270530938,0.09033491803317982
282,-0.024827052296209066,0.10113706583673147
283,-0.019507138365310497,0.06426349343346088
284,-0.019240937292313725,0.06979293587944863
285,-0.011453949209005115,0.026357356483855985
286,-0.01756185887281107,0.05797356671505641
287,-0.01224861935073983,0.03237990983903231
288,-0.023512607899865423,0.09611097763515647
289,-0.028174087907502452,0.12011743551788451
290,-0.020828238259725757,0.08316292072575282
291,-0.023772446942772668,0.09000406459191683
292,-0.014862070179212079,0.04192750700325629
293,-0.011502050336798395,0.03243362816921127
294,-0.01673184621858144,0.05727493431501357
295,-0.022275092810257902,0.07716904178642872
296,-0.022191051486604652,0.07952021000027844
297,-0.01758273694117601,0.0619791874055675
298,-0.018147118648350898,0.06021854216964434
299,-0.011234085543403442,0.02647442404710486
300,-0.023285681959737375,0.08398032544444144
301,-0.015086922290487012,0.04425117947139232
302,-0.019214744238956076,0.06577366724627588
303,-0.014991894169970224,0.045938374543438125
304,-0.015520610102286897,0.04603186263617292
305,-0.020824559657231106,0.07980272734573643
306,-0.028613696611378515,0.12159190223933189
307,-0.027039362659876442,0.10572050999534083
308,-0.016657677880812672,0.04486289718323761
309,-0.03028687058771118,0.12256536607490341
310,-0.009426831574333572,0.01787375402528836
311,-0.019559624789709112,0.07353880497720082
312,-0.022060141363200416,0.08338345971838473
313,-0.02005932151190747,0.07588925196223302
314,-0.007025535189376674,0.006134527136728777
315,-0.028890631127644915,0.11285996401130183
316,-0.022647845270421782,0.08775301202739393
317,-0.021945164142314063,0.078616619002061
318,-0.0174859543806883,0.06397274381453927
319,-0.029769192674051877,0.131528848188067
320,-0.02028872084928373,0.06924886270404139
321,-0.01603282910500641,0.048000520114133964
322,-0.01532859784746076,0.04767833300485785
323,-0.022278713120422008,0.09009957712066116
324,-0.01712064523296218,0.05311211061993151
325,-0.027550060273687442,0.10844755090514337
326,-0.013982246531957137,0.039962690307000094
327,-0.02258123920614885,0.08775835650415147
328,-0.011162510160448731,0.031992974967903605
329,-0.020456562205492988,0.06928535975840802
330,-0.02092766322483514,0.07058038550615163
331,-0.023461279187145596,0.08552420243820832
332,-0.014532658418614161,0.04314928381350009
333,-0.022929097977466072,0.0847384387551204
334,-0.01861505974176627,0.06750568164585388
335,-0.014912048882508721,0.04328565305725722
336,-0.026925619526824776,0.1137171101010832
337,-0.010677774644021795,0.02229462575113419
338,-0.013420186312536725,0.037037391293111815
339,-0.02328739634334721,0.08562154415915439
340,-0.01070509110591765,0.020663381078509218
341,-0.023218637640055276,0.08476214444695766
342,-0.014533354940794484,0.043780314974120965
343,-0.02103772272027392,0.08113304572577863
344,-0.014772448153667843,0.04660199463070461
345,-0.009280475239804083,0.01846601120142602
346,-0.015885500547912074,0.047403743557791374
347,-0.019018253877148148,0.07134515685328296
348,-0.018245668776337473,0.06468419505727116
349,-0.026305295930630496,0.10496896553315814
350,-0.015599468701019083,0.05061496429619805
351,-0.024066991471810347,0.080362998382249
352,-0.030384300325025072,0.12547456129128234
353,-0.021707950992357606,0.08231452195047567
354,-0.02104169150747107,0.07665573102060276
355,-0.016963873137569273,0.059330064604983405
356,-0.01642501372138511,0.04759994987177991
357,-0.014032834017806315,0.03668316837459527
358,-0.020531298148950033,0.07783407486997436
359,-0.022685463542996925,0.07841413576981784
360,-0.010298411640667512,0.0188534138648128
361,-0.024293086034562296,0.09277450583731914
362,-0.021418227994064027,0.07471797981102736
363,-0.01933390954367332,0.06667415463656147
364,-0.023278243676680358,0.08697834560777835
365,-0.025059902070136808,0.10211411203033162
366,-0.017325654937492593,0.05827010218698406
367,-0.009783170244831581,0.02095591557501524
368,-0.022600920650337294,0.0838963348850505
369,-0.023319585461763333,0.08581065976823607
370,-0.020506878968769186,0.07160411206360746
371,-0.02883382992260748,0.12039036453285845
372,-0.022185970648170787,0.07871407533681504
373,-0.008283533931227043,0.014562726160404896
374,-0.02278294175622488,0.08580783385812747
375,-0.02473205464088008,0.10674225654139126
376,-0.022743989167285573,0.08876719259868088
377,-0.022283874855371717,0.09152521028786655
378,-0.022991958419956347,0.08239162389991098
379,-0.027699031237527167,0.11329799238908449
380,-0.019597575195542425,0.06316995103865518
381,-0.02358369058182408,0.08840489907518607
382,-0.01450392301690004,0.039331459899832964
383,-0.02513127800145505,0.09679732925097623
384,-0.018367012805479775,0.06382109094538332
385,-0.0208960526124712,0.07153793742745572
386,-0.012683982215601042,0.03410005699089774
387,-0.019865558035374126,0.07196364819330774
388,-0.023002289463108564,0.09086088439639109
389,-0.023414127407802732,0.08984533236367383
390,-0.010465689461847526,0.02337485918850642
391,-0.019307848731932857,0.06271318778719506
392,-0.02461297742470667,0.09264227998587955
393,-0.017428156523677282,0.054826728554972205
394,-0.022345604251616046,0.07479222851150302
395,-0.017200158197763115,0.059178603084788645
396,-0.02309283905318587,0.08990043916533642
397,-0.014819101345273204,0.05037384153880491
398,-0.0113201549717095,0.02884793449307837
399,-0.016424902462384986,0.049108068800860445
400,-0.01688313321659066,0.05554260908823063
401,-0.023214327512522125,0.08326051972379077
402,-0.02088999371895983,0.07368986007744352
403,-0.023197298371076626,0.0863269763794626
404,-0.01891069394347928,0.06836871758006546
405,-0.02472169921299774,0.1029871895035722
406,-0.016724376347747066,0.05640862250029715
407,-0.010873478130935107,0.02574917004162739
408,-0.02147065223347451,0.08037804255146233
409,-0.020947634106393755,0.07589923459276496
410,-0.020192401515520715,0.0735601492307454
411,-0.020599666564048148,0.0741454263353485
412,-0.02136738302143587,0.0690727090528018
413,-0.021700956611942414,0.08048972275288954
414,-0.0215339160105665,0.07696350569276518
415,-0.02969666192431741,0.11577039812063461
416,-0.012495796637213346,0.0354355222501726
417,-0.020827360668066938,0.08220524387492756
418,-0.024719959809288584,0.09784059606568898
419,-0.026830983166727742,0.11558221899285841
420,-0.017031080946121355,0.060417127548438594
421,-0.020027198501254347,0.07051301825129828
422,-0.02256810168901258,0.08260368477780176
423,-0.025175404778856516,0.10153612038549971
424,-0.018575692312200198,0.058775701889037295
425,-0.018245089183875067,0.06452190720903132
426,-0.024590532201315376,0.08842168644258874
427,-0.02679397421550599,0.1101421065175615
428,-0.027197992700702344,0.11667664139677726
429,-0.020467790676331872,0.07221054158622618
430,-0.029812962499642385,0.11800308705328516
431,-0.014263529981231806,0.04338297658685765
432,-0.01958683308317378,0.06601460656100083
433,-0.020047809083754232,0.06267683475570128
434,-0.012907820594941843,0.03340645228024589
435,-0.006837787775641416,0.0021363329402635375
436,-0.0141851294401296,0.04214265022763421
437,-0.0189770982115945,0.05989701526206332
438,-0.017044377851223695,0.058280978004081996
439,-0.02119462016890352,0.07751156233128834
440,-0.008373062363859466,0.011336734115324279
441,-0.016422801285744786,0.05791640015878447
442,-0.018267785301363405,0.05545892283137789
443,-0.01980494287496913,0.0691851960804639
444,-0.0174207418199993,0.06098587952489413
445,-0.02556547394223531,0.09149823775740593
446,-0.010968818853790977,0.023833337438960895
447,-0.020550296689616596,0.07651591248178538
448,-0.01792656009174092,0.06231076255484629
449,-0.010287267954745702,0.019814698785276592
450,-0.02763774729722837,0.10792120574413823
451,-0.01719542574402416,0.06004127877566657
452,-0.013480937810717032,0.03879253852306258
453,-0.014445447624669809,0.04226776702823036
454,-0.023793375088763988,0.09013714714961307
455,-0.006766551204359269,0.004646969711387703
456,-0.013793555651448759,0.04013569560816918
457,-0.015995395024895026,0.051082945664211135
458,-0.01570361743183376,0.049131660745702035
459,-0.022018284158185658,0.07718295368870261
460,-0.02277645921872036,0.0825107532386829
461,-0.02433545231878918,0.08886971752260446
462,-0.02163576805986343,0.08709622137280598
463,-0.016121253522589803,0.059676356969882646
464,-0.0240932890131106,0.09261007249782453
465,-0.025660403540323222,0.09621788293561731
466,-0.025406384025175636,0.09719918901580396
467,-0.018959230860368274,0.05987794164221285
468,-0.017431293844111403,0.06353788036811674
469,-0.007318361480433449,0.006998668394782781
470,-0.021876607665196977,0.07609329218676217
471,-0.019465168304248485,0.06481162259616494
472,-0.01633699328130564,0.05131522208757873
473,-0.028999422959003332,0.1209119419017447
474,-0.010291334204653807,0.02177198484061483
475,-0.025471562867542857,0.10540877244686248
476,-0.014880681727529129,0.042170806038282174
477,-0.018920220315076588,0.06282145402254606
478,-0.013031013914458498,0.03402241103757152
479,-0.01545450667247996,0.05245051780297096
480,-0.011082607680932416,0.025553461789871952
481,-0.02824655262766038,0.12088629657728614
482,-0.02824650423205955,0.10886902414806167
483,-0.017911938272808528,0.05305402636368197
484,-0.022733540988513448,0.08645582619778908
485,-0.0221065930270431,0.08526331403403686
486,-0.01590457850504609,0.04819056154593147
487,-0.02346499955062913,0.09720539786421267
488,-0.008720890150193622,0.011414952734805648
489,-0.010240702013188855,0.02269522313742378
490,-0.018313764603942323,0.05940663658013559
491,-0.01669750140109192,0.05641315000415901
492,-0.016583283617138286,0.058722804444716954
493,-0.0230810095469804,0.08507585133807295
494,-0.019660636952918635,0.06797164463148563
495,-0.018670993444915872,0.06366166253153126
496,-0.02195559184567096,0.08165547672997463
497,-0.024643074599809696,0.0971451345423202
498,-0.018969209034896264,0.06250863117481378
499,-0.02236885154418347,0.08778824397806309
500,-0.01409250389292044,0.04288885045276088
501,-0.013922577631044524,0.040963621507874574
502,-0.020009972941342914,0.07760413086831167
503,-0.015362345613619613,0.050086300325917536
504,-0.02148617673541641,0.08061524462542176
505,-0.014103794075308118,0.04087419275368309
506,-0.013614494141115735,0.03593610380547568
507,-0.016146968664914857,0.0524659244417326
508,-0.01341000307565399,0.03797067109763948
509,-0.012862951552416636,0.03673432814285076
510,-0.012971301360489861,0.03897221646404113
511,-0.025051673134742422,0.10453700575288204
512,-0.020916670283631568,0.07343587590671957
513,-0.020915807091382882,0.08151902413344002
514,-0.013685879469653873,0.04047825372595871
515,-0.018058697856329502,0.058566001421522546
516,-0.022786960763386096,0.08066652115410787
517,-0.012421789208977444,0.03208138987269879
518,-0.029255396013260423,0.12303162186529282
519,-0.023172333668242368,0.08562131759340928
520,-0.01473478748363566,0.04155971124807966
521,-0.016335384993093633,0.052470579342697395
522,-0.01719491429540025,0.05953541280057354
523,-0.021472514833455462,0.08581318486483301
524,-0.022599324921311482,0.09157064734228686
525,-0.007409184743182157,0.010297217935950155
526,-0.017682600962546938,0.06265663411547366
527,-0.01367946374688529,0.04034054701358649
528,-0.01753148583637176,0.06265411437835287
529,-0.022158489503414463,0.08513356475271985
530,-0.02115706026430147,0.08230920326569148
531,-0.01757473026884078,0.05787935429996418
532,-0.02419966860718131,0.09614519712799773
533,-0.018790267770704965,0.06405380206650754
534,-0.018652346623650198,0.06565875821297237
535,-0.01216600142471302,0.029408490848542634
536,-0.024340514840957544,0.09735761645467096
537,-0.018758309667216682,0.06233112659490051
538,-0.01746207654525301,0.05913686912731629
539,-0.019292113935812594,0.07344186223653934
540,-0.023397761248440615,0.08921014734016351
541,-0.016689373509629915,0.05081753374003283
542,-0.02029588635550082,0.07557900875312111
543,-0.019541373046432765,0.0688694368245574
544,-0.021363925731290694,0.08204691221316804
545,-0.01647116174123286,0.05480568659687937
546,-0.019088485963127084,0.06194175644248439
547,-0.018636791933959434,0.06892404396082294
548,-0.022379307960333904,0.07431902529644414
549,-0.020199453943908416,0.07996399622459498
550,-0.022617082264534814,0.09172635596650616
551,-0.028872410536117565,0.11604367870579148
552,-0.021252449262941977,0.08171193261932203
553,-0.020682606233434247,0.07075332778543036
554,-0.02394800879126465,0.0946443688126917
555,-0.022653778883811194,0.08772192059296599
556,-0.01651414036870955,0.05852324595623928
557,-0.020926935180228857,0.0776243234090246
558,-0.016450369848027193,0.05150789719846806
559,-0.021161046271255337,0.07825316968441032
560,-0.01952067038084934,0.06685148360292636
561,-0.01695662942344421,0.05316526501165672
562,-0.017184629226758348,0.06238811420669838
563,-0.0209616640984825,0.07987738808246675
564,-0.022392859819336225,0.08137407188057559
565,-0.02039486862619705,0.07509093016351515
566,-0.02921129290385868,0.13100592881520803
567,-0.01955164681019401,0.0683529650262478
568,-0.019606647827217195,0.07051989348100213
569,-0.011135829541854781,0.027689184732948104
570,-0.01793852021681009,0.05562476898909967
571,-0.019431395361408137,0.06900037768173055
572,-0.01806717625613625,0.059558618054437136
573,-0.017501507045635682,0.05199913925699492
574,-0.017395093453902482,0.062177518894857856
575,-0.019908593597772424,0.07024835279987005
576,-0.02076569053820032,0.07083383253497157
577,-0.021230103849069006,0.06374923592462482
578,-0.013078058723497052,0.03491408151261577
579,-0.01319712023809942,0.034609992786169316
580,-0.023539185397168958,0.07777720808319648
581,-0.0176734756822026,0.06891070888258537
582,-0.024680244975652698,0.1005409790943538
583,-0.02355445241400326,0.09172373168165868
584,-0.022365330899035824,0.08591677415034368
585,-0.013249813371997713,0.03646311491028543
586,-0.02334245538271916,0.08758523659372516
587,-0.014813302473106138,0.04569953188068544
588,-0.0070775199011285355,0.005231543584524463
589,-0.011650098528882475,0.0235205312363794
590,-0.021185898726017345,0.08022668524884398
591,-0.01967554121426227,0.06802127759120902
592,-0.0265676193941187,0.10667191854464841
593,-0.020209121822636966,0.07081845643782177
594,-0.026725388197234204,0.10080773817196421
595,-0.017970401665827317,0.0602945552716028
596,-0.010059591261882538,0.02097219314577938
597,-0.019099525032480535,0.059930998132481025
598,-0.01969362095186206,0.0650498533725109
599,-0.014437974377897525,0.041642911614667724
600,-0.027560325318151366,0.11372161112121598
601,-0.01755728771288036,0.05869239230870235
602,-0.02123089891129535,0.07994837496471385
603,-0.020679153699095756,0.0750308244361593
604,-0.02170523717344012,0.08510342291241492
605,-0.019747426032700917,0.07036179710013206
606,-0.015162971622508965,0.04846419492008137
607,-0.021671281217933547,0.07592557439332251
608,-0.01943999447357587,0.06099414539999878
609,-0.022282833736240598,0.09016076395292151
610,-0.016902126086651932,0.058478830513693014
611,-0.019980459889641023,0.07148223116957962
612,-0.018418385227969153,0.06232469435170768
613,-0.014072292024018824,0.037508964817427
614,-0.017497307681757755,0.057902704384722635
615,-0.024259860015244817,0.10518711293422678
616,-0.012832241992892415,0.03721220904269596
617,-0.014148181088260449,0.04250089219087283
618,-0.009685117774112129,0.017665829890356734
619,-0.01384914119359549,0.04442401087445065
620,-0.020358362931344836,0.06761893458966861
621,-0.02316426520500129,0.08470015900916994
622,-0.010719471253940814,0.024479459644011443
623,-0.02079542335696209,0.0796057966362969
624,-0.02183447979918715,0.08596000130499831
625,-0.010021471214846674,0.0181611432876995
626,-0.02089862697019733,0.07609524122181316
627,-0.015153908918941276,0.048029380787830166
628,-0.01916716109530131,0.06909637611979762
629,-0.012190235366630194,0.03064538249946027
630,-0.019636801611511778,0.06549886272379601
631,-0.025250219600806756,0.09437126993575819
632,-0.016274700002186407,0.054230381354009934
633,-0.021225575420348676,0.07271729870279786
634,-0.013399115327737255,0.038364959022878564
635,-0.022506070381327965,0.08258111056321281
636,-0.02079527082849504,0.07748724769791354
637,-0.019921618328476755,0.07071022809203267
638,-0.02191120009848288,0.08144535217785628
639,-0.025524805175665594,0.1064691230229984
640,-0.01737896663387565,0.061516941315445745
641,-0.021500450177646492,0.07295363774622347
642,-0.017464842085059887,0.05347864256185376
643,-0.02037127032149461,0.06825444755870154
644,-0.02610434103085996,0.09749941691081782
645,-0.022516307774250743,0.09015449287181003
646,-0.020090836550266132,0.06988042542734364
647,-0.017485910006699037,0.06469902943003791
648,-0.02538889046676551,0.09048225984724093
649,-0.021088584441739756,0.0764789074222598
650,-0.011171265008909212,0.028561673303931133
651,-0.024687575979560433,0.09616226801119324
652,-0.023315606609685142,0.0911509844508772
653,-0.014514823900429455,0.04364524743047512
654,-0.01022380329645154,0.026380132486993526
655,-0.01879208940296403,0.06920527593378849
656,-0.01751977659326771,0.05183402382958223
657,-0.027793743939514556,0.10437845238600046
658,-0.011759068678817791,0.030112735654300105
659,-0.017859206426935146,0.06222953964795381
660,-0.015917441020296595,0.0494473081778283
661,-0.019791887231924425,0.06855510985525146
662,-0.012346337656282793,0.030387491622732108
663,-0.02088258448159848,0.07405605823276114
664,-0.018652241777596418,0.06628328771954473
665,-0.02156796671844645,0.07962456281970376
666,-0.013741125275596166,0.04254016595958737
667,-0.01682465187254514,0.05342844963974922
668,-0.023397597433033553,0.08977309113917992
669,-0.028186196321045142,0.11177792670437207
670,-0.012189341862754685,0.028836169983853886
671,-0.010025037720045803,0.02092050620488913
672,-0.01770184196644186,0.05951931996026303
673,-0.014964940354816126,0.045961576062616125
674,-0.01102076268567915,0.026535592385577508
675,-0.010060565700211414,0.023193700247030494
676,-0.0239297395998691,0.09197648413629325
677,-0.014030618632022413,0.037887606247525164
678,-0.014307934732476997,0.04404220005033723
679,-0.02245673719658035,0.09375916498568927
680,-0.01600936693043789,0.053443186090647486
681,-0.012983276378988955,0.03435859080285162
682,-0.018832038514375156,0.058610105124067724
683,-0.013576401963215495,0.03899284511325142
684,-0.01353594670633745,0.040515046928395984
685,-0.027093122524034022,0.10689770465316523
686,-0.020608692169874907,0.07220876897717679
687,-0.02188020296134038,0.08348062016597428
688,-0.02442845976245804,0.10065429219155499
689,-0.01951005362894055,0.07157354038104896
690,-0.02330807373286553,0.08835902487996151
691,-0.020962272588485042,0.07447988381330876
692,-0.02612508763521363,0.10863799013791357
693,-0.023080399259116,0.08659847471514766
694,-0.019815119789058904,0.0677229223873714
695,-0.017599648566604238,0.06186320173769356
696,-0.020406507257725578,0.08008818786903173
697,-0.025673776346902776,0.10253238879776452
698,-0.021282972501492664,0.0729092094322231
699,-0.013141604806991612,0.0361122214637269
700,-0.020034106965724368,0.07780854310441403
701,-0.02494222460338109,0.09785182409532052
702,-0.02233319423763485,0.08341024884406385
703,-0.011446108588914164,0.02800242625793109
704,-0.02417813851581328,0.08839789109513757
705,-0.02179809583318321,0.08116550749972982
706,-0.015511102772754961,0.04798175955042045
707,-0.018598579495456943,0.06703289280324055
708,-0.017122227076225648,0.05019044350497243
709,-0.010797173892896217,0.026272473326509605
710,-0.01764606994615134,0.05881332440701898
711,-0.02428692938350741,0.09356264183367648
712,-0.018767883133652154,0.07138848311379108
713,-0.026469958841384745,0.10199947211582852
714,-0.016763371310749307,0.05616281230448281
715,-0.029039044304299485,0.1133954603345916
716,-0.014920238951609007,0.044010367154086995
717,-0.02557090393722705,0.10727459473739515
718,-0.018860753503520216,0.06142918047688382
719,-0.014747667702380425,0.041714234077301196
720,-0.018973813246702047,0.07243362860476929
721,-0.026511293843257306,0.10947037937138711
722,-0.024699053336004126,0.10075181558857108
723,-0.01687786407656,0.058484729975516174
724,-0.024729591037164135,0.09373932710654816
725,-0.0251754111015193,0.09494495119385334
726,-0.01896127745705805,0.06791020232671134
727,-0.017542911527082778,0.06032449763204136
728,-0.016321137495846693,0.05544227350958151
729,-0.028100354011558495,0.1255649619177934
730,-0.01434875389314607,0.046939521700557006
731,-0.022784908461628988,0.08690053262089109
732,-0.024522004980825636,0.09721884276213982
733,-0.013682954730794976,0.03947861294569861
734,-0.028281980213703796,0.12363359518954047
735,-0.01620222933620161,0.05102532241939102
736,-0.0159031916555499,0.04769128817226948
737,-0.012387236685503797,0.0279899618720021
738,-0.020454036156030916,0.07539887716388528
739,-0.020243677106459662,0.06943265219852458
740,-0.02159765833839056,0.083053082619466
741,-0.014555885684983163,0.044391072411902155
742,-0.017064929967444912,0.05308645841745037
743,-0.01729091037162138,0.058230071344689056
744,-0.013348399146989365,0.03606296526394023
745,-0.021262701754328907,0.07831407124116516
746,-0.0202404099139244,0.07679441758724315
747,-0.016164124978215243,0.053063641449105074
748,-0.016567004368082415,0.05506109002382046
749,-0.02428184505335331,0.09523083645092129
750,-0.015855451469504286,0.053708349190229626
751,-0.024277109298198915,0.09277815299436748
752,-0.017202447627138573,0.05375668664820337
753,-0.02231540299107676,0.08295424867874544
754,-0.023578406880196495,0.08957565430766025
755,-0.023155195496350693,0.08215947242798512
756,-0.013580080041132252,0.037926429805213116
757,-0.02014021894864373,0.06468078943655822
758,-0.027203260658541,0.10066746134518771
759,-0.018202708241020892,0.06739556415481669
760,-0.021888138144313805,0.076796248462429
761,-0.018642883128486453,0.06863599451757085
762,-0.023519416478051516,0.09552550586143904
763,-0.022991684625270917,0.09201262612640647
764,-0.025578557964050102,0.10395380989079814
765,-0.005834256385068142,-0.004280236589597434
766,-0.021864521795519537,0.07520169760103687
767,-0.0113806289397053,0.02857936199771656
768,-0.020516681283124807,0.07089119121282209
769,-0.02091263230949278,0.0743507518072042
770,-0.031805663322576394,0.13851993190958514
771,-0.0196461664593477,0.06975873947991369
772,-0.020769824759304317,0.07509813734013443
773,-0.01235099989311636,0.03204958971745791
774,-0.015072195633487388,0.0471349422038641
775,-0.0161884438986722,0.05229671476162653
776,-0.02593354820221922,0.10350317228670021
777,-0.02432171052151553,0.08777976346769797
778,-0.012378578394170451,0.031008533137035072
779,-0.024115517100379905,0.09572889031867637
780,-0.016890342325246017,0.06448714614457784
781,-0.021674204288903084,0.08431193216456001
782,-0.02049809164139139,0.07414877059826581
783,-0.022582822249695753,0.0886196901949491
784,-0.023437633029035773,0.08831896513527247
785,-0.014530067086169515,0.04533508496963194
786,-0.013414317353646555,0.032297742840716584
787,-0.00643303418358547,0.0028076786750898873
788,-0.01783810499424432,0.061551877125984464
789,-0.02556300946603143,0.10209989558247867
790,-0.019229057792917222,0.0716367861969053
791,-0.01380394186609588,0.04252850681077182
792,-0.01039195792109525,0.023218645179440413
793,-0.015786910552503572,0.04989971792248032
794,-0.01064090302823795,0.02700978122609672
795,-0.017120463054244438,0.05413674520969832
796,-0.02047536930827685,0.08598407160661381
797,-0.015480718312752613,0.04804424318592399
798,-0.02278261250417101,0.08760306952862659
799,-0.0209448477199506,0.08043417413451531
800,-0.012134018827374771,0.0316062501389046
801,-0.012690576396710267,0.03849646388082271
802,-0.022741340138576895,0.0863010628774695
803,-0.014524406842215695,0.047896637300768645
804,-0.025476955860511553,0.10125048172453213
805,-0.025976323547176224,0.10093864819397495
806,-0.013759754500937256,0.040184787314772874
807,-0.02620789932379233,0.10017814987209213
808,-0.02181440297763202,0.0851360886432912
809,-0.021160426157140633,0.07161267366786334
810,-0.019252386757671318,0.06656606977487076
811,-0.012743832764575807,0.033884523433536304
812,-0.016439787866239314,0.05236986737945527
813,-0.022609798972875524,0.08155296559243663
814,-0.02391278278838936,0.09696151656121703
815,-0.02127970793680949,0.07297554522651845
816,-0.01954253754176248,0.07484383182413308
817,-0.016557092064738852,0.05639929478851629
818,-0.02532648200155815,0.09422766910808733
819,-0.015110357277726262,0.05057871001445964
820,-0.02373722561003168,0.09428679433799676
821,-0.028899942522801238,0.12278918123758706
822,-0.021661394679699127,0.08148217055272686
823,-0.024072522873734965,0.09531360331319326
824,-0.011395047681804231,0.026966917959378542
825,-0.026217276810614955,0.09698006480238576
826,-0.017492498775347157,0.061970819543480514
827,-0.02089453427073843,0.0791763694637319
828,-0.014209877816857593,0.05173152970963075
829,-0.026245987712029652,0.09659644159453325
830,-0.015251978734359465,0.04829648130159145
831,-0.022407253290035692,0.08044624032885131
832,-0.028633544566930503,0.12113799852104791
833,-0.01781294286866268,0.06294952007909195
834,-0.020826964146293953,0.07081317399385555
835,-0.024214139305555597,0.08836696806945502
836,-0.017284865869863296,0.05680829769723055
837,-0.010478580731979013,0.02424463063219935
838,-0.015053959372485312,0.04792889317385607
839,-0.023110274893627276,0.08372770052598855
840,-0.014398452137386481,0.04306017343461589
841,-0.02007699667101735,0.07435087096371634
842,-0.013010715767966242,0.03667861965965196
843,-0.022499059670362004,0.08290741349679405
844,-0.029099258780011038,0.1243007296653615
845,-0.017108463352508638,0.05264020835491174
846,-0.013081095710867612,0.03776356726432297
847,-0.02591483334736714,0.10789821964234567
848,-0.02475505322957089,0.10468744123257222
849,-0.01727688237269477,0.05711860603211199
850,-0.009772470633732589,0.021191156531450036
851,-0.014047002429256411,0.04314992213002167
852,-0.02435761372818053,0.0924815940096027
853,-0.026621904366030628,0.10574268795543722
854,-0.010268626250367004,0.019876581624771014
855,-0.015339391232555183,0.04820696001601375
856,-0.01880882670715407,0.06801174960403082
857,-0.015170692572754788,0.0456294508856207
858,-0.020141118121497274,0.06896195690381546
859,-0.016699094949009074,0.056215420205650096
860,-0.0069172857516946636,0.005314378626623198
861,-0.019876668776621278,0.07619700524161345
862,-0.020623998920181647,0.0749833678608718
863,-0.01921004777437805,0.07171044994949619
864,-0.02383500373391103,0.08665243225585752
865,-0.014601636994271285,0.049293600247538726
866,-0.011906425800376411,0.030370338132145007
867,-0.012201447680353337,0.028669282291830897
868,-0.019624037374399647,0.06598611061238
869,-0.013272098051663538,0.039576483875917015
870,-0.012800143264534746,0.03492049475793724
871,-0.01948063734195484,0.07073256982329028
872,-0.022775337384818937,0.08192448198914377
873,-0.013450997140118008,0.038654584415525606
874,-0.014471852792933153,0.04807313242862463
875,-0.018598869317305942,0.05797679423340998
876,-0.02846473370376171,0.12283576247391635
877,-0.02197587738217223,0.08757327591611104
878,-0.016130546249129893,0.04817569280923368
879,-0.010888179620855332,0.023256859723772644
880,-0.023810121749517812,0.08946797482028222
881,-0.020413590171275323,0.07660179314564482
882,-0.011120531864795138,0.02616407707172956
883,-0.02048137999389818,0.07944854018072761
884,-0.02677589461960034,0.10574030440162203
885,-0.017005566576284686,0.052599947631016164
886,-0.01378427072149907,0.033355408212270975
887,-0.017407394243816713,0.05752308428759626
888,-0.019701379409825935,0.0714627955992396
889,-0.012003678566859854,0.03225243046865062
890,-0.022817442424811846,0.08720147063636757
891,-0.010841597608234796,0.02412880545707571
892,-0.01946475526278688,0.0724003979544833
893,-0.01226159603675854,0.03100420577719879
894,-0.0099222315691689,0.018115447045982575
895,-0.015240224223622555,0.04934879499664538
896,-0.015663490144789467,0.046768572815924586
897,-0.022675503235207523,0.08173802642952978
898,-0.012456129019419044,0.030887977996667666
899,-0.02647874504120926,0.10284583768785462
900,-0.008738090103653232,0.013457328269835511
901,-0.010103883732489027,0.020770346261007114
902,-0.027080644167455176,0.10947797143469373
903,-0.021057267711462088,0.07044534069938228
904,-0.01822985487351893,0.06034453115929424
905,-0.014649792248214706,0.04796731663396199
906,-0.027748401887639516,0.10996078053800876
907,-0.013223040895934842,0.03684907646543652
908,-0.028576599879913688,0.11409681470378553
909,-0.027832200839365006,0.11634890211564583
910,-0.020436680217215574,0.07632683623695727
911,-0.018398261004906075,0.06307301868614061
912,-0.028302525505144338,0.118141277135036
913,-0.015931748102471475,0.050242378583739526
914,-0.01780452379972767,0.060366912925348175
915,-0.01825991838501206,0.0645040136693931
916,-0.024263515991851108,0.08541730372496167
917,-0.023549696988785757,0.09086334043192455
918,-0.017615880722632985,0.056291288379122534
919,-0.023479656892039492,0.08949134631836574
920,-0.013465593943857832,0.03973737491927484
921,-0.0165584976883007,0.050767083851214846
922,-0.01796511730840956,0.06402205291364653
923,-0.016617849147513825,0.052017197457007454
924,-0.009544915812842359,0.017999477472652507
925,-0.01910278862430237,0.05866216584708745
926,-0.015594545485134162,0.04552659817646283
927,-0.022935909095078928,0.09135733333091563
928,-0.01986267076431175,0.0749566613377601
929,-0.01829695517911272,0.0627560315311403
930,-0.02092271637713784,0.0738864412455783
931,-0.020840404195426303,0.07024906695676962
932,-0.020754873649435502,0.07574672493372009
933,-0.020053973747745573,0.06546716599332358
934,-0.026040721950119007,0.09928530968707006
935,-0.022472518324316456,0.08449786777749743
936,-0.021745109236581635,0.090804814885592
937,-0.024852979655354424,0.09665057781101935
938,-0.01652316710271244,0.05139723606015836
939,-0.024045532261629626,0.0952053762468567
940,-0.018667683679412423,0.06280880234541149
941,-0.018540430737575487,0.06562987916403808
942,-0.022418466691281443,0.08624862261514787
943,-0.0165686840800225,0.05577644030240185
944,-0.029026023797973657,0.12286006184901141
945,-0.017291275745491923,0.053346329276440486
946,-0.01894548192866123,0.06405289348948577
947,-0.014977512391208548,0.041805111928076184
948,-0.025210843344992243,0.0993786659365956
949,-0.018889235266932872,0.06397045181673049
950,-0.019461188045316012,0.06431778861944908
951,-0.02034462533459206,0.0731357409421387
952,-0.014787925225555849,0.044767330056844634
953,-0.009225728593453527,0.015975531849111792
954,-0.009429760893624024,0.017470416308085837
955,-0.018536894388951074,0.059389996485613536
956,-0.013838464056563636,0.038059507165638794
957,-0.0189731399984798,0.06773271452460243
958,-0.0220687647841223,0.07888367330110746
959,-0.024940499839532577,0.0870210103034573
960,-0.021211609562754127,0.07519300254429727
961,-0.021647560207783613,0.07866677277695823
962,-0.01326633116232032,0.03718964972180429
963,-0.018103990980484774,0.05818295029314187
964,-0.020300548232767782,0.07784532969991012
965,-0.01997485364098832,0.07289477507937674
966,-0.01575607255062295,0.05375193679830357
967,-0.02071220741864372,0.07445128530722292
968,-0.024490522461790672,0.09725203598952975
969,-0.01969130606230334,0.07314558658821685
970,-0.008619797656651032,0.012391028024141864
971,-0.016884467830380372,0.056866109725494295
972,-0.015815500438494536,0.046979991044967084
973,-0.023884885927127363,0.08834416700073928
974,-0.022696782960981224,0.08774588806025697
975,-0.024806602119833442,0.0903540890093945
976,-0.012366470503295975,0.03146704281027162
977,-0.024212493485495312,0.08732765319145126
978,-0.018001294130429214,0.06663151432651104
979,-0.02025196093989582,0.0653346952144752
980,-0.016074201309445875,0.04488680672182744
981,-0.011244331644162806,0.02306892370211617
982,-0.011546003293624164,0.02568925154952513
983,-0.016694914692114083,0.055849022602158044
984,-0.020140990445822873,0.06993507282415086
985,-0.021349267184191306,0.08597488700582247
986,-0.019966512264733737,0.0657458068571265
987,-0.020439812974782093,0.06465070260802432
988,-0.015729779385640463,0.05066508674653062
989,-0.014102295227245798,0.040544838061297286
990,-0.014194304949019425,0.0421352657287957
991,-0.03555192762755478,0.15397430984801996
992,-0.019288273284322453,0.07162705555582301
993,-0.01540960710936493,0.048092916799934854
994,-0.017572431328243113,0.06222552240972988
995,-0.02265341123512509,0.0901965330362943
996,-0.010060839164859173,0.021981939342783398
997,-0.01809491644116061,0.061514993150322425
998,-0.022037679742425167,0.07632657168969008
999,-0.020242676763817167,0.07482769705678118
